ISO-10303-21;
HEADER;
FILE_DESCRIPTION(('CATIA V5 STEP Exchange'),'2;1');

FILE_NAME('C:\\SAKETH\\CATIA files\\plastic holder\\GSD model 2.stp','2026-08-17T18:10:13+00:00',('none'),('none'),'CATIA Version 5 Release 20 GA (IN-10)','CATIA V5 STEP AP203','none');

FILE_SCHEMA(('CONFIG_CONTROL_DESIGN'));

ENDSEC;
/* file written by CATIA V5R20 */
DATA;
#5=PRODUCT('GSD model 2','','',(#2)) ;
#1=APPLICATION_CONTEXT('configuration controlled 3D design of mechanical parts and assemblies') ;
#14=PRODUCT_DEFINITION('',' ',#6,#3) ;
#16=SECURITY_CLASSIFICATION(' ',' ',#15) ;
#15=SECURITY_CLASSIFICATION_LEVEL('unclassified') ;
#47=CARTESIAN_POINT(' ',(0.,0.,0.)) ;
#51=CARTESIAN_POINT('Point.1',(0.,0.,0.)) ;
#55=CARTESIAN_POINT('Profile.3',(-200.,0.,0.)) ;
#57=CARTESIAN_POINT('Axis2P3D Location',(3.,63.,-7.5)) ;
#62=CARTESIAN_POINT('Axis2P3D Location',(3.,63.,-2.5)) ;
#66=CARTESIAN_POINT('Vertex',(3.,60.,-2.5)) ;
#68=CARTESIAN_POINT('Vertex',(0.,63.,-2.5)) ;
#71=CARTESIAN_POINT('Line Origine',(3.,60.,-7.5)) ;
#75=CARTESIAN_POINT('Vertex',(3.,60.,-25.)) ;
#78=CARTESIAN_POINT('Axis2P3D Location',(3.,63.,-25.)) ;
#82=CARTESIAN_POINT('Vertex',(0.,63.,-25.)) ;
#85=CARTESIAN_POINT('Line Origine',(0.,63.,-7.5)) ;
#97=CARTESIAN_POINT('Axis2P3D Location',(3.,45.,-25.)) ;
#102=CARTESIAN_POINT('Axis2P3D Location',(3.,45.,-25.)) ;
#106=CARTESIAN_POINT('Vertex',(3.,44.999999931,-40.)) ;
#109=CARTESIAN_POINT('Axis2P3D Location',(3.,44.9999999171,-43.)) ;
#113=CARTESIAN_POINT('Vertex',(0.,44.9999999171,-43.)) ;
#116=CARTESIAN_POINT('Axis2P3D Location',(0.,45.,-25.)) ;
#128=CARTESIAN_POINT('Axis2P3D Location',(0.,60.,-40.)) ;
#133=CARTESIAN_POINT('Line Origine',(3.,60.,11.25)) ;
#137=CARTESIAN_POINT('Vertex',(3.,60.,2.5)) ;
#139=CARTESIAN_POINT('Vertex',(3.,60.,20.)) ;
#142=CARTESIAN_POINT('Line Origine',(21.2497390394,60.,20.)) ;
#146=CARTESIAN_POINT('Vertex',(39.4994780788,60.,20.)) ;
#149=CARTESIAN_POINT('Axis2P3D Location',(-200.,60.,-9.94759830064E-014)) ;
#153=CARTESIAN_POINT('Vertex',(40.3331021728,60.,2.13162820728E-014)) ;
#156=CARTESIAN_POINT('Axis2P3D Location',(-200.,60.,6.39488462184E-014)) ;
#160=CARTESIAN_POINT('Vertex',(39.0292869085,60.,-25.)) ;
#163=CARTESIAN_POINT('Line Origine',(21.0146433907,60.,-25.)) ;
#168=CARTESIAN_POINT('Line Origine',(14.1860195656,60.,-2.5)) ;
#172=CARTESIAN_POINT('Vertex',(25.3720391311,60.,-2.5)) ;
#175=CARTESIAN_POINT('Line Origine',(25.3720391311,60.,0.)) ;
#179=CARTESIAN_POINT('Vertex',(25.3720391311,60.,2.5)) ;
#182=CARTESIAN_POINT('Line Origine',(14.1860195656,60.,2.5)) ;
#199=CARTESIAN_POINT('Axis2P3D Location',(0.,0.,-2.5)) ;
#204=CARTESIAN_POINT('Line Origine',(12.6860195656,63.3992086978,-2.5)) ;
#208=CARTESIAN_POINT('Vertex',(0.,66.7984173955,-2.5)) ;
#211=CARTESIAN_POINT('Line Origine',(0.,64.8992086978,-2.5)) ;
#223=CARTESIAN_POINT('Axis2P3D Location',(0.,42.9185520362,-62.1719457014)) ;
#228=CARTESIAN_POINT('Line Origine',(-2.5,62.6696832579,-46.0014289117)) ;
#232=CARTESIAN_POINT('Vertex',(0.,62.6696832579,-46.0014289117)) ;
#234=CARTESIAN_POINT('Vertex',(-5.,62.6696832579,-46.0014289117)) ;
#237=CARTESIAN_POINT('Line Origine',(0.,39.2533936652,-65.1726601572)) ;
#241=CARTESIAN_POINT('Vertex',(0.,15.8371040724,-84.3438914027)) ;
#244=CARTESIAN_POINT('Line Origine',(-2.5,15.8371040724,-84.3438914027)) ;
#248=CARTESIAN_POINT('Vertex',(-5.,15.8371040724,-84.3438914027)) ;
#251=CARTESIAN_POINT('Line Origine',(-5.,39.2533936652,-65.1726601572)) ;
#263=CARTESIAN_POINT('Axis2P3D Location',(-2.5,50.,-30.5263157895)) ;
#268=CARTESIAN_POINT('Axis2P3D Location',(-5.,50.,-30.5263157895)) ;
#272=CARTESIAN_POINT('Vertex',(-5.,70.,-30.5263157895)) ;
#275=CARTESIAN_POINT('Line Origine',(-2.5,70.,-30.5263157895)) ;
#279=CARTESIAN_POINT('Vertex',(0.,70.,-30.5263157895)) ;
#282=CARTESIAN_POINT('Axis2P3D Location',(4.4408920985E-016,50.,-30.5263157895)) ;
#294=CARTESIAN_POINT('Axis2P3D Location',(0.,70.,4.40983005625)) ;
#299=CARTESIAN_POINT('Line Origine',(0.,70.,7.23684210526)) ;
#303=CARTESIAN_POINT('Vertex',(0.,70.,45.)) ;
#306=CARTESIAN_POINT('Line Origine',(-5.,70.,7.23684210526)) ;
#310=CARTESIAN_POINT('Vertex',(-5.,70.,45.)) ;
#313=CARTESIAN_POINT('Line Origine',(-2.5,70.,45.)) ;
#325=CARTESIAN_POINT('Axis2P3D Location',(-2.5,80.,45.)) ;
#330=CARTESIAN_POINT('Axis2P3D Location',(-5.,80.,45.)) ;
#334=CARTESIAN_POINT('Vertex',(-5.,72.,51.)) ;
#337=CARTESIAN_POINT('Line Origine',(-2.5,72.,51.)) ;
#341=CARTESIAN_POINT('Vertex',(0.,72.,51.)) ;
#344=CARTESIAN_POINT('Axis2P3D Location',(0.,80.,45.)) ;
#356=CARTESIAN_POINT('Axis2P3D Location',(0.,60.,60.)) ;
#361=CARTESIAN_POINT('Axis2P3D Location',(0.,60.,60.)) ;
#365=CARTESIAN_POINT('Vertex',(0.,51.,72.)) ;
#368=CARTESIAN_POINT('Axis2P3D Location',(-5.,60.,60.)) ;
#372=CARTESIAN_POINT('Vertex',(-5.,51.,72.)) ;
#375=CARTESIAN_POINT('Line Origine',(-2.5,51.,72.)) ;
#387=CARTESIAN_POINT('Axis2P3D Location',(-2.5,45.,80.)) ;
#392=CARTESIAN_POINT('Axis2P3D Location',(-5.,45.,80.)) ;
#396=CARTESIAN_POINT('Vertex',(-5.,45.,70.)) ;
#399=CARTESIAN_POINT('Line Origine',(-2.5,45.,70.)) ;
#403=CARTESIAN_POINT('Vertex',(0.,45.,70.)) ;
#406=CARTESIAN_POINT('Axis2P3D Location',(0.,45.,80.)) ;
#418=CARTESIAN_POINT('Axis2P3D Location',(0.,9.47390314347E-015,70.)) ;
#423=CARTESIAN_POINT('Line Origine',(0.,0.,70.)) ;
#427=CARTESIAN_POINT('Vertex',(0.,-45.,70.)) ;
#430=CARTESIAN_POINT('Line Origine',(-5.,0.,70.)) ;
#434=CARTESIAN_POINT('Vertex',(-5.,-45.,70.)) ;
#437=CARTESIAN_POINT('Line Origine',(-2.5,-45.,70.)) ;
#449=CARTESIAN_POINT('Axis2P3D Location',(-2.5,-45.,80.)) ;
#454=CARTESIAN_POINT('Axis2P3D Location',(-5.,-45.,80.)) ;
#458=CARTESIAN_POINT('Vertex',(-5.,-51.,72.)) ;
#461=CARTESIAN_POINT('Line Origine',(-2.5,-51.,72.)) ;
#465=CARTESIAN_POINT('Vertex',(0.,-51.,72.)) ;
#468=CARTESIAN_POINT('Axis2P3D Location',(0.,-45.,80.)) ;
#480=CARTESIAN_POINT('Axis2P3D Location',(0.,-60.,60.)) ;
#485=CARTESIAN_POINT('Axis2P3D Location',(0.,-60.,60.)) ;
#489=CARTESIAN_POINT('Vertex',(0.,-72.,51.)) ;
#492=CARTESIAN_POINT('Axis2P3D Location',(-5.,-60.,60.)) ;
#496=CARTESIAN_POINT('Vertex',(-5.,-72.,51.)) ;
#499=CARTESIAN_POINT('Line Origine',(-2.5,-72.,51.)) ;
#511=CARTESIAN_POINT('Axis2P3D Location',(-2.5,-80.,45.)) ;
#516=CARTESIAN_POINT('Axis2P3D Location',(-5.,-80.,45.)) ;
#520=CARTESIAN_POINT('Vertex',(-5.,-70.,45.)) ;
#523=CARTESIAN_POINT('Line Origine',(-2.5,-70.,45.)) ;
#527=CARTESIAN_POINT('Vertex',(0.,-70.,45.)) ;
#530=CARTESIAN_POINT('Axis2P3D Location',(0.,-80.,45.)) ;
#542=CARTESIAN_POINT('Axis2P3D Location',(0.,-70.,4.40983005625)) ;
#547=CARTESIAN_POINT('Line Origine',(0.,-70.,7.23684210526)) ;
#551=CARTESIAN_POINT('Vertex',(0.,-70.,-30.5263157895)) ;
#554=CARTESIAN_POINT('Line Origine',(-5.,-70.,7.23684210526)) ;
#558=CARTESIAN_POINT('Vertex',(-5.,-70.,-30.5263157895)) ;
#561=CARTESIAN_POINT('Line Origine',(-2.5,-70.,-30.5263157895)) ;
#573=CARTESIAN_POINT('Axis2P3D Location',(-2.50000000035,-50.,-30.5263157895)) ;
#578=CARTESIAN_POINT('Axis2P3D Location',(-5.,-50.,-30.5263157895)) ;
#582=CARTESIAN_POINT('Vertex',(-5.,-62.6696832579,-46.0014289117)) ;
#585=CARTESIAN_POINT('Line Origine',(-2.50000000035,-62.6696832579,-46.0014289117)) ;
#589=CARTESIAN_POINT('Vertex',(0.,-62.6696832579,-46.0014289117)) ;
#592=CARTESIAN_POINT('Axis2P3D Location',(4.4408920985E-016,-50.,-30.5263157895)) ;
#604=CARTESIAN_POINT('Axis2P3D Location',(0.,-42.9185520362,-62.1719457014)) ;
#609=CARTESIAN_POINT('Line Origine',(-5.,-39.2533936652,-65.1726601572)) ;
#613=CARTESIAN_POINT('Vertex',(-5.,-15.8371040724,-84.3438914027)) ;
#616=CARTESIAN_POINT('Line Origine',(-2.5,-15.8371040724,-84.3438914027)) ;
#620=CARTESIAN_POINT('Vertex',(0.,-15.8371040724,-84.3438914027)) ;
#623=CARTESIAN_POINT('Line Origine',(0.,-39.2533936652,-65.1726601572)) ;
#635=CARTESIAN_POINT('Axis2P3D Location',(3.,-5.,-65.)) ;
#640=CARTESIAN_POINT('Axis2P3D Location',(3.,-5.,-65.)) ;
#644=CARTESIAN_POINT('Vertex',(3.,-5.,-80.)) ;
#646=CARTESIAN_POINT('Vertex',(3.,-20.,-64.9999998936)) ;
#649=CARTESIAN_POINT('Axis2P3D Location',(3.,-23.,-64.9999998723)) ;
#653=CARTESIAN_POINT('Vertex',(0.,-23.,-64.9999998723)) ;
#656=CARTESIAN_POINT('Axis2P3D Location',(0.,-5.,-65.)) ;
#660=CARTESIAN_POINT('Vertex',(0.,-5.,-83.)) ;
#663=CARTESIAN_POINT('Axis2P3D Location',(3.,-5.00000006033,-83.)) ;
#675=CARTESIAN_POINT('Axis2P3D Location',(3.,-23.,-7.5)) ;
#680=CARTESIAN_POINT('Line Origine',(3.,-20.,-7.5)) ;
#684=CARTESIAN_POINT('Vertex',(3.,-20.,-55.)) ;
#687=CARTESIAN_POINT('Axis2P3D Location',(3.,-23.,-55.)) ;
#691=CARTESIAN_POINT('Vertex',(0.,-23.,-55.)) ;
#694=CARTESIAN_POINT('Line Origine',(0.,-23.,-7.5)) ;
#706=CARTESIAN_POINT('Axis2P3D Location',(3.,-35.,-55.)) ;
#711=CARTESIAN_POINT('Axis2P3D Location',(3.,-35.,-55.)) ;
#715=CARTESIAN_POINT('Vertex',(3.,-34.9999997623,-40.)) ;
#718=CARTESIAN_POINT('Axis2P3D Location',(3.,-34.9999998098,-43.)) ;
#722=CARTESIAN_POINT('Vertex',(0.,-34.9999998098,-43.)) ;
#725=CARTESIAN_POINT('Axis2P3D Location',(0.,-35.,-55.)) ;
#737=CARTESIAN_POINT('Axis2P3D Location',(3.,-2.84217094304E-014,-43.)) ;
#742=CARTESIAN_POINT('Line Origine',(3.,-2.84217094304E-014,-40.)) ;
#746=CARTESIAN_POINT('Vertex',(3.,-45.,-40.)) ;
#749=CARTESIAN_POINT('Axis2P3D Location',(3.,-45.,-43.)) ;
#753=CARTESIAN_POINT('Vertex',(0.,-45.,-43.)) ;
#756=CARTESIAN_POINT('Line Origine',(0.,-2.84217094304E-014,-43.)) ;
#768=CARTESIAN_POINT('Axis2P3D Location',(3.,-45.,-25.)) ;
#773=CARTESIAN_POINT('Axis2P3D Location',(3.,-45.,-25.)) ;
#777=CARTESIAN_POINT('Vertex',(3.,-60.,-24.999999931)) ;
#780=CARTESIAN_POINT('Axis2P3D Location',(3.,-63.,-24.9999999171)) ;
#784=CARTESIAN_POINT('Vertex',(0.,-63.,-24.9999999171)) ;
#787=CARTESIAN_POINT('Axis2P3D Location',(0.,-45.,-25.)) ;
#799=CARTESIAN_POINT('Axis2P3D Location',(3.,-63.,-7.5)) ;
#804=CARTESIAN_POINT('Axis2P3D Location',(3.,-63.,-2.5)) ;
#808=CARTESIAN_POINT('Vertex',(3.,-60.,-2.5)) ;
#810=CARTESIAN_POINT('Vertex',(0.,-63.,-2.5)) ;
#813=CARTESIAN_POINT('Line Origine',(0.,-63.,-7.5)) ;
#818=CARTESIAN_POINT('Line Origine',(3.,-60.,-7.5)) ;
#830=CARTESIAN_POINT('Line Origine',(0.,-64.8992086978,-2.5)) ;
#834=CARTESIAN_POINT('Vertex',(-1.7763568394E-015,-66.7984173955,-2.5)) ;
#837=CARTESIAN_POINT('Line Origine',(14.1860195656,-60.,-2.5)) ;
#841=CARTESIAN_POINT('Vertex',(25.3720391311,-60.,-2.5)) ;
#844=CARTESIAN_POINT('Line Origine',(12.6860195656,-63.3992086978,-2.5)) ;
#856=CARTESIAN_POINT('Axis2P3D Location',(25.3720391311,-60.,0.)) ;
#861=CARTESIAN_POINT('Line Origine',(25.3720391311,-60.,0.)) ;
#865=CARTESIAN_POINT('Vertex',(25.3720391311,-60.,2.5)) ;
#868=CARTESIAN_POINT('Line Origine',(12.6860195656,-63.3992086978,2.5)) ;
#872=CARTESIAN_POINT('Vertex',(-1.7763568394E-015,-66.7984173955,2.5)) ;
#875=CARTESIAN_POINT('Line Origine',(7.1054273576E-015,-66.7984173955,0.)) ;
#887=CARTESIAN_POINT('Axis2P3D Location',(0.,0.,2.5)) ;
#892=CARTESIAN_POINT('Line Origine',(14.1860195656,-60.,2.5)) ;
#896=CARTESIAN_POINT('Vertex',(3.,-60.,2.5)) ;
#899=CARTESIAN_POINT('Axis2P3D Location',(3.,-63.,2.5)) ;
#903=CARTESIAN_POINT('Vertex',(0.,-63.,2.5)) ;
#906=CARTESIAN_POINT('Line Origine',(0.,-64.8992086978,2.5)) ;
#918=CARTESIAN_POINT('Line Origine',(3.,-60.,-7.5)) ;
#922=CARTESIAN_POINT('Vertex',(3.,-60.,20.)) ;
#925=CARTESIAN_POINT('Axis2P3D Location',(3.,-63.,20.)) ;
#929=CARTESIAN_POINT('Vertex',(0.,-63.,20.)) ;
#932=CARTESIAN_POINT('Line Origine',(0.,-63.,-7.5)) ;
#944=CARTESIAN_POINT('Axis2P3D Location',(3.,-20.,20.)) ;
#949=CARTESIAN_POINT('Axis2P3D Location',(3.,-20.,20.)) ;
#953=CARTESIAN_POINT('Vertex',(3.,-20.,60.)) ;
#956=CARTESIAN_POINT('Axis2P3D Location',(3.,-20.0000000328,63.)) ;
#960=CARTESIAN_POINT('Vertex',(0.,-20.,63.)) ;
#963=CARTESIAN_POINT('Axis2P3D Location',(0.,-20.,20.)) ;
#975=CARTESIAN_POINT('Axis2P3D Location',(3.,-2.84217094304E-014,63.)) ;
#980=CARTESIAN_POINT('Axis2P3D Location',(3.,-2.5,63.)) ;
#984=CARTESIAN_POINT('Vertex',(3.,-2.5,60.)) ;
#986=CARTESIAN_POINT('Vertex',(0.,-2.5,63.)) ;
#989=CARTESIAN_POINT('Line Origine',(0.,-2.84217094304E-014,63.)) ;
#994=CARTESIAN_POINT('Line Origine',(3.,-2.84217094304E-014,60.)) ;
#1006=CARTESIAN_POINT('Axis2P3D Location',(3.,2.5,63.)) ;
#1010=CARTESIAN_POINT('Vertex',(3.,2.5,60.)) ;
#1012=CARTESIAN_POINT('Vertex',(0.,2.5,63.)) ;
#1015=CARTESIAN_POINT('Line Origine',(3.,-2.84217094304E-014,60.)) ;
#1019=CARTESIAN_POINT('Vertex',(3.,20.,60.)) ;
#1022=CARTESIAN_POINT('Axis2P3D Location',(3.,20.,63.)) ;
#1026=CARTESIAN_POINT('Vertex',(0.,20.,63.)) ;
#1029=CARTESIAN_POINT('Line Origine',(0.,-2.84217094304E-014,63.)) ;
#1041=CARTESIAN_POINT('Axis2P3D Location',(3.,20.,20.)) ;
#1046=CARTESIAN_POINT('Axis2P3D Location',(3.,20.,20.)) ;
#1051=CARTESIAN_POINT('Axis2P3D Location',(3.,63.,20.0000000328)) ;
#1055=CARTESIAN_POINT('Vertex',(0.,63.,20.0000000328)) ;
#1058=CARTESIAN_POINT('Axis2P3D Location',(0.,20.,20.)) ;
#1070=CARTESIAN_POINT('Axis2P3D Location',(3.,63.,2.5)) ;
#1074=CARTESIAN_POINT('Vertex',(0.,63.,2.5)) ;
#1077=CARTESIAN_POINT('Line Origine',(0.,63.,-7.5)) ;
#1089=CARTESIAN_POINT('Line Origine',(0.,64.8992086978,2.5)) ;
#1093=CARTESIAN_POINT('Vertex',(0.,66.7984173955,2.5)) ;
#1096=CARTESIAN_POINT('Line Origine',(12.6860195656,63.3992086978,2.5)) ;
#1108=CARTESIAN_POINT('Axis2P3D Location',(25.3720391311,60.,0.)) ;
#1113=CARTESIAN_POINT('Line Origine',(3.5527136788E-015,66.7984173955,0.)) ;
#1125=CARTESIAN_POINT('Axis2P3D Location',(3.,-2.84217094304E-014,-43.)) ;
#1130=CARTESIAN_POINT('Line Origine',(3.,-2.84217094304E-014,-40.)) ;
#1134=CARTESIAN_POINT('Vertex',(3.,35.,-40.)) ;
#1137=CARTESIAN_POINT('Axis2P3D Location',(3.,35.,-43.)) ;
#1141=CARTESIAN_POINT('Vertex',(0.,35.,-43.)) ;
#1144=CARTESIAN_POINT('Line Origine',(0.,-2.84217094304E-014,-43.)) ;
#1156=CARTESIAN_POINT('Axis2P3D Location',(3.,35.,-55.)) ;
#1161=CARTESIAN_POINT('Axis2P3D Location',(3.,35.,-55.)) ;
#1165=CARTESIAN_POINT('Vertex',(3.,20.,-54.9999997623)) ;
#1168=CARTESIAN_POINT('Axis2P3D Location',(3.,23.,-54.9999998098)) ;
#1172=CARTESIAN_POINT('Vertex',(0.,23.,-54.9999998098)) ;
#1175=CARTESIAN_POINT('Axis2P3D Location',(0.,35.,-55.)) ;
#1187=CARTESIAN_POINT('Axis2P3D Location',(3.,23.,-7.5)) ;
#1192=CARTESIAN_POINT('Line Origine',(3.,20.,-7.5)) ;
#1196=CARTESIAN_POINT('Vertex',(3.,20.,-65.)) ;
#1199=CARTESIAN_POINT('Axis2P3D Location',(3.,23.,-65.)) ;
#1203=CARTESIAN_POINT('Vertex',(0.,23.,-65.)) ;
#1206=CARTESIAN_POINT('Line Origine',(0.,23.,-7.5)) ;
#1218=CARTESIAN_POINT('Axis2P3D Location',(3.,5.,-65.)) ;
#1223=CARTESIAN_POINT('Axis2P3D Location',(3.,5.,-65.)) ;
#1227=CARTESIAN_POINT('Vertex',(3.,5.,-80.)) ;
#1230=CARTESIAN_POINT('Axis2P3D Location',(3.,4.99999991715,-83.)) ;
#1234=CARTESIAN_POINT('Vertex',(0.,5.,-83.)) ;
#1237=CARTESIAN_POINT('Axis2P3D Location',(0.,5.,-65.)) ;
#1249=CARTESIAN_POINT('Axis2P3D Location',(-10.,60.,60.)) ;
#1254=CARTESIAN_POINT('Axis2P3D Location',(-5.,60.,60.)) ;
#1258=CARTESIAN_POINT('Vertex',(-5.,66.,60.)) ;
#1260=CARTESIAN_POINT('Vertex',(-5.,54.,60.)) ;
#1263=CARTESIAN_POINT('Line Origine',(-10.,66.,60.)) ;
#1267=CARTESIAN_POINT('Vertex',(0.,66.,60.)) ;
#1270=CARTESIAN_POINT('Axis2P3D Location',(0.,60.,60.)) ;
#1274=CARTESIAN_POINT('Vertex',(0.,54.,60.)) ;
#1277=CARTESIAN_POINT('Line Origine',(-10.,54.,60.)) ;
#1289=CARTESIAN_POINT('Axis2P3D Location',(-5.,60.,60.)) ;
#1294=CARTESIAN_POINT('Axis2P3D Location',(0.,60.,60.)) ;
#1306=CARTESIAN_POINT('Axis2P3D Location',(-10.,-35.,-55.)) ;
#1311=CARTESIAN_POINT('Axis2P3D Location',(-5.,-35.,-55.)) ;
#1315=CARTESIAN_POINT('Vertex',(-5.,-41.,-55.)) ;
#1317=CARTESIAN_POINT('Vertex',(-5.,-29.,-55.)) ;
#1320=CARTESIAN_POINT('Line Origine',(-10.,-41.,-55.)) ;
#1324=CARTESIAN_POINT('Vertex',(0.,-41.,-55.)) ;
#1327=CARTESIAN_POINT('Axis2P3D Location',(0.,-35.,-55.)) ;
#1331=CARTESIAN_POINT('Vertex',(0.,-29.,-55.)) ;
#1334=CARTESIAN_POINT('Line Origine',(-10.,-29.,-55.)) ;
#1346=CARTESIAN_POINT('Axis2P3D Location',(-5.,-35.,-55.)) ;
#1351=CARTESIAN_POINT('Axis2P3D Location',(0.,-35.,-55.)) ;
#1363=CARTESIAN_POINT('Axis2P3D Location',(-10.,-60.,60.)) ;
#1368=CARTESIAN_POINT('Axis2P3D Location',(-5.,-60.,60.)) ;
#1372=CARTESIAN_POINT('Vertex',(-5.,-66.,60.)) ;
#1374=CARTESIAN_POINT('Vertex',(-5.,-54.,60.)) ;
#1377=CARTESIAN_POINT('Line Origine',(-10.,-66.,60.)) ;
#1381=CARTESIAN_POINT('Vertex',(0.,-66.,60.)) ;
#1384=CARTESIAN_POINT('Axis2P3D Location',(0.,-60.,60.)) ;
#1388=CARTESIAN_POINT('Vertex',(0.,-54.,60.)) ;
#1391=CARTESIAN_POINT('Line Origine',(-10.,-54.,60.)) ;
#1403=CARTESIAN_POINT('Axis2P3D Location',(-5.,-60.,60.)) ;
#1408=CARTESIAN_POINT('Axis2P3D Location',(0.,-60.,60.)) ;
#1420=CARTESIAN_POINT('Axis2P3D Location',(-10.,35.,-55.)) ;
#1425=CARTESIAN_POINT('Axis2P3D Location',(-5.,35.,-55.)) ;
#1429=CARTESIAN_POINT('Vertex',(-5.,41.,-55.)) ;
#1431=CARTESIAN_POINT('Vertex',(-5.,29.,-55.)) ;
#1434=CARTESIAN_POINT('Line Origine',(-10.,41.,-55.)) ;
#1438=CARTESIAN_POINT('Vertex',(0.,41.,-55.)) ;
#1441=CARTESIAN_POINT('Axis2P3D Location',(0.,35.,-55.)) ;
#1445=CARTESIAN_POINT('Vertex',(0.,29.,-55.)) ;
#1448=CARTESIAN_POINT('Line Origine',(-10.,29.,-55.)) ;
#1460=CARTESIAN_POINT('Axis2P3D Location',(-5.,35.,-55.)) ;
#1465=CARTESIAN_POINT('Axis2P3D Location',(0.,35.,-55.)) ;
#1477=CARTESIAN_POINT('Axis2P3D Location',(23.7689379449,45.,-25.)) ;
#1483=CARTESIAN_POINT('Control Point',(39.0292867813,60.,-25.)) ;
#1484=CARTESIAN_POINT('Control Point',(38.8006259532,60.,-27.7328271795)) ;
#1485=CARTESIAN_POINT('Control Point',(38.6646484965,59.3776379672,-30.4749331303)) ;
#1486=CARTESIAN_POINT('Control Point',(38.6398078277,58.1210366217,-33.0329072923)) ;
#1487=CARTESIAN_POINT('Control Point',(38.7924884242,55.0293269498,-36.7778384507)) ;
#1488=CARTESIAN_POINT('Control Point',(39.2359788339,50.8305159433,-39.0351808328)) ;
#1489=CARTESIAN_POINT('Control Point',(39.4684969226,48.9272522642,-39.6794397791)) ;
#1490=CARTESIAN_POINT('Control Point',(39.7370908088,46.9613063495,-40.0000000091)) ;
#1491=CARTESIAN_POINT('Control Point',(40.0312474999,44.9999999301,-40.)) ;
#1492=CARTESIAN_POINT('Vertex',(40.0312474999,44.9999999301,-40.)) ;
#1495=CARTESIAN_POINT('Line Origine',(23.7689379449,45.,-40.)) ;
#1507=CARTESIAN_POINT('Axis2P3D Location',(25.,20.,20.)) ;
#1512=CARTESIAN_POINT('Line Origine',(25.,20.,60.)) ;
#1516=CARTESIAN_POINT('Vertex',(39.4994777981,20.,60.)) ;
#1520=CARTESIAN_POINT('Control Point',(39.4994777981,20.,60.)) ;
#1521=CARTESIAN_POINT('Control Point',(38.9496338824,27.1182207607,60.)) ;
#1522=CARTESIAN_POINT('Control Point',(38.5197158699,34.2468532912,58.4165916626)) ;
#1523=CARTESIAN_POINT('Control Point',(38.2463578531,40.9423465462,55.2374919819)) ;
#1524=CARTESIAN_POINT('Control Point',(38.0879603809,51.0291191215,47.1914562592)) ;
#1525=CARTESIAN_POINT('Control Point',(38.4726136006,57.2652155166,36.001129126)) ;
#1526=CARTESIAN_POINT('Control Point',(38.734743628,59.0899844796,30.798490685)) ;
#1527=CARTESIAN_POINT('Control Point',(39.0826413344,60.0000000088,25.39634103)) ;
#1528=CARTESIAN_POINT('Control Point',(39.4994772372,60.,19.999999935)) ;
#1537=CARTESIAN_POINT('Axis2P3D Location',(-200.,57.,-3.5527136788E-015)) ;
#1542=CARTESIAN_POINT('Axis2P3D Location',(39.0292869085,57.,-25.)) ;
#1546=CARTESIAN_POINT('Vertex',(41.9324762521,57.6923085279,-25.303645768)) ;
#1549=CARTESIAN_POINT('Axis2P3D Location',(39.4994780788,57.,20.)) ;
#1553=CARTESIAN_POINT('Vertex',(42.4083786222,57.6923076923,20.2429149798)) ;
#1556=CARTESIAN_POINT('Axis2P3D Location',(-200.,57.6923076923,-3.5527136788E-015)) ;
#1560=CARTESIAN_POINT('Vertex',(43.2521276568,57.6923078966,1.59872115546E-014)) ;
#1563=CARTESIAN_POINT('Axis2P3D Location',(-200.,57.6923076923,-3.5527136788E-015)) ;
#1577=CARTESIAN_POINT('Axis2P3D Location',(52.5,-5.,-65.)) ;
#1582=CARTESIAN_POINT('Line Origine',(52.5,-5.,-80.)) ;
#1586=CARTESIAN_POINT('Vertex',(34.6380191888,-5.,-80.)) ;
#1590=CARTESIAN_POINT('Control Point',(34.6380191888,-5.,-80.)) ;
#1591=CARTESIAN_POINT('Control Point',(34.5575411366,-9.72077965056,-80.)) ;
#1592=CARTESIAN_POINT('Control Point',(34.8864250811,-14.459584132,-78.1510226017)) ;
#1593=CARTESIAN_POINT('Control Point',(35.6591482107,-18.1816336898,-74.382960604)) ;
#1594=CARTESIAN_POINT('Control Point',(36.6615519441,-20.000000046,-69.6861439554)) ;
#1595=CARTESIAN_POINT('Control Point',(37.6867679949,-20.,-64.9999998527)) ;
#1596=CARTESIAN_POINT('Vertex',(37.6867679949,-20.,-64.9999998527)) ;
#1599=CARTESIAN_POINT('Line Origine',(52.5,-20.,-65.)) ;
#1611=CARTESIAN_POINT('Axis2P3D Location',(0.,-20.,-65.)) ;
#1616=CARTESIAN_POINT('Axis2P3D Location',(-200.,-20.,5.68434188608E-014)) ;
#1620=CARTESIAN_POINT('Vertex',(40.1978365284,-20.,-55.)) ;
#1623=CARTESIAN_POINT('Line Origine',(21.5989182642,-20.,-55.)) ;
#1635=CARTESIAN_POINT('Axis2P3D Location',(52.5,-35.,-55.)) ;
#1641=CARTESIAN_POINT('Control Point',(41.6919527001,-35.,-40.)) ;
#1642=CARTESIAN_POINT('Control Point',(42.1303137304,-32.4774206334,-40.)) ;
#1643=CARTESIAN_POINT('Control Point',(42.4263807915,-29.9346584067,-40.5302838884)) ;
#1644=CARTESIAN_POINT('Control Point',(42.549534513,-27.524208019,-41.6109316696)) ;
#1645=CARTESIAN_POINT('Control Point',(42.4346630573,-23.6263513703,-44.5148852062)) ;
#1646=CARTESIAN_POINT('Control Point',(41.7411226089,-21.153165188,-48.6328338719)) ;
#1647=CARTESIAN_POINT('Control Point',(41.3081491844,-20.3807431383,-50.7103459418)) ;
#1648=CARTESIAN_POINT('Control Point',(40.7851669498,-20.,-52.8624973312)) ;
#1649=CARTESIAN_POINT('Control Point',(40.1978365284,-20.,-55.)) ;
#1650=CARTESIAN_POINT('Vertex',(41.6919527001,-35.,-40.)) ;
#1653=CARTESIAN_POINT('Line Origine',(52.5,-35.,-40.)) ;
#1665=CARTESIAN_POINT('Axis2P3D Location',(0.,-45.,-40.)) ;
#1670=CARTESIAN_POINT('Axis2P3D Location',(-200.,2.13162820728E-014,-40.)) ;
#1674=CARTESIAN_POINT('Vertex',(40.0312479658,-45.,-40.)) ;
#1677=CARTESIAN_POINT('Line Origine',(21.5156231634,-45.,-40.)) ;
#1689=CARTESIAN_POINT('Axis2P3D Location',(52.5,-45.,-25.)) ;
#1695=CARTESIAN_POINT('Control Point',(40.0312463268,-45.,-40.)) ;
#1696=CARTESIAN_POINT('Control Point',(39.6206900498,-47.7373812574,-40.)) ;
#1697=CARTESIAN_POINT('Control Point',(39.2599083027,-50.4839612718,-39.3755619876)) ;
#1698=CARTESIAN_POINT('Control Point',(38.9775156288,-53.0573707766,-38.1166420189)) ;
#1699=CARTESIAN_POINT('Control Point',(38.6737182824,-56.7915675769,-35.0218692141)) ;
#1700=CARTESIAN_POINT('Control Point',(38.6883122486,-59.0498265101,-30.7824522495)) ;
#1701=CARTESIAN_POINT('Control Point',(38.7506199116,-59.6844410383,-28.8968404965)) ;
#1702=CARTESIAN_POINT('Control Point',(38.8664673416,-60.0000000103,-26.9459464226)) ;
#1703=CARTESIAN_POINT('Control Point',(39.029285964,-60.,-24.999999921)) ;
#1704=CARTESIAN_POINT('Vertex',(39.029285964,-60.,-24.999999921)) ;
#1707=CARTESIAN_POINT('Line Origine',(52.5,-60.,-25.)) ;
#1719=CARTESIAN_POINT('Axis2P3D Location',(0.,-60.,20.)) ;
#1724=CARTESIAN_POINT('Axis2P3D Location',(-200.,-60.,-3.5527136788E-014)) ;
#1728=CARTESIAN_POINT('Vertex',(40.3331021728,-60.,-4.97379915032E-014)) ;
#1731=CARTESIAN_POINT('Axis2P3D Location',(-200.,-60.,-2.48689957516E-014)) ;
#1735=CARTESIAN_POINT('Vertex',(39.4994780787,-60.,20.)) ;
#1738=CARTESIAN_POINT('Line Origine',(21.2497390394,-60.,20.)) ;
#1755=CARTESIAN_POINT('Axis2P3D Location',(52.5,-20.,20.)) ;
#1761=CARTESIAN_POINT('Control Point',(39.4994780787,-60.,20.)) ;
#1762=CARTESIAN_POINT('Control Point',(39.1499080943,-60.,24.525504298)) ;
#1763=CARTESIAN_POINT('Control Point',(38.848822091,-59.359994089,29.0550855747)) ;
#1764=CARTESIAN_POINT('Control Point',(38.606147648,-58.0776317921,33.4671872545)) ;
#1765=CARTESIAN_POINT('Control Point',(38.2786271796,-54.5748700369,41.1906033913)) ;
#1766=CARTESIAN_POINT('Control Point',(38.1869275454,-49.2221025823,47.7234212382)) ;
#1767=CARTESIAN_POINT('Control Point',(38.1964790596,-46.4117123572,50.4108936239)) ;
#1768=CARTESIAN_POINT('Control Point',(38.3236051839,-39.9136400392,55.2726742407)) ;
#1769=CARTESIAN_POINT('Control Point',(38.6635375311,-32.4387169069,58.3658380265)) ;
#1770=CARTESIAN_POINT('Control Point',(38.8960608683,-28.3488849303,59.4558859821)) ;
#1771=CARTESIAN_POINT('Control Point',(39.17715819,-24.172726755,60.)) ;
#1772=CARTESIAN_POINT('Control Point',(39.4994780788,-20.,60.)) ;
#1773=CARTESIAN_POINT('Vertex',(39.4994780788,-20.,60.)) ;
#1776=CARTESIAN_POINT('Line Origine',(52.5,-20.,60.)) ;
#1788=CARTESIAN_POINT('Axis2P3D Location',(0.,60.,60.)) ;
#1793=CARTESIAN_POINT('Axis2P3D Location',(-200.,-7.53175299906E-013,60.)) ;
#1797=CARTESIAN_POINT('Vertex',(40.3331021728,-7.1054273576E-014,60.)) ;
#1800=CARTESIAN_POINT('Axis2P3D Location',(-200.,-1.01607611214E-012,60.)) ;
#1805=CARTESIAN_POINT('Line Origine',(14.,2.5,60.)) ;
#1809=CARTESIAN_POINT('Vertex',(25.,2.5,60.)) ;
#1812=CARTESIAN_POINT('Line Origine',(25.,0.,60.)) ;
#1816=CARTESIAN_POINT('Vertex',(25.,-2.5,60.)) ;
#1819=CARTESIAN_POINT('Line Origine',(14.,-2.5,60.)) ;
#1836=CARTESIAN_POINT('Axis2P3D Location',(-200.,3.12638803734E-013,-40.)) ;
#1840=CARTESIAN_POINT('Vertex',(41.6919527001,35.,-40.)) ;
#1843=CARTESIAN_POINT('Line Origine',(22.3459767514,35.,-40.)) ;
#1855=CARTESIAN_POINT('Axis2P3D Location',(24.5993579438,35.,-55.)) ;
#1861=CARTESIAN_POINT('Control Point',(40.1978365292,20.,-55.0000003851)) ;
#1862=CARTESIAN_POINT('Control Point',(40.7181484212,19.9999999514,-53.1063955401)) ;
#1863=CARTESIAN_POINT('Control Point',(41.187960028,20.2988115116,-51.2012880795)) ;
#1864=CARTESIAN_POINT('Control Point',(41.5894247193,20.903887866,-49.3468974738)) ;
#1865=CARTESIAN_POINT('Control Point',(42.3648381896,23.1019720816,-45.1057221093)) ;
#1866=CARTESIAN_POINT('Control Point',(42.5802640224,26.8216616989,-41.9449830865)) ;
#1867=CARTESIAN_POINT('Control Point',(42.4829166703,29.4373092471,-40.6390215612)) ;
#1868=CARTESIAN_POINT('Control Point',(42.1731601954,32.2308379004,-40.)) ;
#1869=CARTESIAN_POINT('Control Point',(41.6919535028,35.,-40.)) ;
#1870=CARTESIAN_POINT('Vertex',(40.1978351276,20.,-55.)) ;
#1873=CARTESIAN_POINT('Line Origine',(24.5993579438,20.,-55.)) ;
#1885=CARTESIAN_POINT('Axis2P3D Location',(0.,20.,-40.)) ;
#1890=CARTESIAN_POINT('Axis2P3D Location',(-200.,20.,-1.03739239421E-012)) ;
#1894=CARTESIAN_POINT('Vertex',(37.6867657728,20.,-65.)) ;
#1897=CARTESIAN_POINT('Line Origine',(20.3433828864,20.,-65.)) ;
#1909=CARTESIAN_POINT('Axis2P3D Location',(25.,5.,-65.)) ;
#1915=CARTESIAN_POINT('Control Point',(37.6867657728,20.,-65.)) ;
#1916=CARTESIAN_POINT('Control Point',(36.6615198603,20.,-69.6863213391)) ;
#1917=CARTESIAN_POINT('Control Point',(35.659184975,18.1815918646,-74.3827484776)) ;
#1918=CARTESIAN_POINT('Control Point',(34.8864157069,14.4597057353,-78.1510770728)) ;
#1919=CARTESIAN_POINT('Control Point',(34.5575425284,9.72072433222,-79.9999999988)) ;
#1920=CARTESIAN_POINT('Control Point',(34.6380193136,5.0000000039,-80.)) ;
#1921=CARTESIAN_POINT('Vertex',(34.6380193136,5.0000000039,-80.)) ;
#1924=CARTESIAN_POINT('Line Origine',(25.,5.,-80.)) ;
#1937=CARTESIAN_POINT('Control Point',(39.0292867813,59.9999997429,-25.0000027271)) ;
#1938=CARTESIAN_POINT('Control Point',(39.4284877348,59.9999997448,-25.0417549964)) ;
#1939=CARTESIAN_POINT('Control Point',(39.8276911214,59.9328808873,-25.0835075086)) ;
#1940=CARTESIAN_POINT('Control Point',(40.2119968967,59.7985896953,-25.1237018742)) ;
#1941=CARTESIAN_POINT('Control Point',(40.9211139438,59.406045747,-25.1978680777)) ;
#1942=CARTESIAN_POINT('Control Point',(41.4646328649,58.8028923369,-25.2547144031)) ;
#1943=CARTESIAN_POINT('Control Point',(41.6832764184,58.4579101653,-25.2775821868)) ;
#1944=CARTESIAN_POINT('Control Point',(41.8403532041,58.0828521157,-25.2940107215)) ;
#1945=CARTESIAN_POINT('Control Point',(41.9324764995,57.692307479,-25.3036457939)) ;
#1946=CARTESIAN_POINT('Control Point',(38.8006259532,59.9999988202,-27.7328380981)) ;
#1947=CARTESIAN_POINT('Control Point',(39.1955846907,59.9923920456,-27.7604943105)) ;
#1948=CARTESIAN_POINT('Control Point',(39.5905456301,59.9195673899,-27.7759223405)) ;
#1949=CARTESIAN_POINT('Control Point',(39.971189912,59.7817598161,-27.778124412)) ;
#1950=CARTESIAN_POINT('Control Point',(40.6752985436,59.3865292053,-27.75599834)) ;
#1951=CARTESIAN_POINT('Control Point',(41.2198982774,58.7882320139,-27.6844818606)) ;
#1952=CARTESIAN_POINT('Control Point',(41.4409754731,58.4472837769,-27.6372747791)) ;
#1953=CARTESIAN_POINT('Control Point',(41.6025327798,58.0773193255,-27.5804685728)) ;
#1954=CARTESIAN_POINT('Control Point',(41.7010384148,57.6923067491,-27.5164676878)) ;
#1955=CARTESIAN_POINT('Control Point',(38.6644897067,59.378520503,-30.4751486246)) ;
#1956=CARTESIAN_POINT('Control Point',(39.0570532763,59.3696627031,-30.4856932125)) ;
#1957=CARTESIAN_POINT('Control Point',(39.4496189337,59.2994846653,-30.4726079849)) ;
#1958=CARTESIAN_POINT('Control Point',(39.8281917237,59.1682502072,-30.4355140639)) ;
#1959=CARTESIAN_POINT('Control Point',(40.5294479884,58.7933102454,-30.316104653)) ;
#1960=CARTESIAN_POINT('Control Point',(41.0746162224,58.2270145371,-30.1177862333)) ;
#1961=CARTESIAN_POINT('Control Point',(41.2970457353,57.904356837,-30.001755053)) ;
#1962=CARTESIAN_POINT('Control Point',(41.4611216448,57.5540497521,-29.8731771957)) ;
#1963=CARTESIAN_POINT('Control Point',(41.5632486903,57.1890851906,-29.7369630052)) ;
#1964=CARTESIAN_POINT('Control Point',(38.639738999,58.1212049647,-33.0333794075)) ;
#1965=CARTESIAN_POINT('Control Point',(39.0318713696,58.1194553866,-33.027512293)) ;
#1966=CARTESIAN_POINT('Control Point',(39.4240058079,58.0617639287,-32.9875690088)) ;
#1967=CARTESIAN_POINT('Control Point',(39.802205541,57.9481545745,-32.9137229479)) ;
#1968=CARTESIAN_POINT('Control Point',(40.5029475374,57.6174594613,-32.7036116335)) ;
#1969=CARTESIAN_POINT('Control Point',(41.048216777,57.1097453699,-32.3873340558)) ;
#1970=CARTESIAN_POINT('Control Point',(41.2708890268,56.8190547268,-32.2072845821)) ;
#1971=CARTESIAN_POINT('Control Point',(41.4354179235,56.5022159152,-32.0119057499)) ;
#1972=CARTESIAN_POINT('Control Point',(41.5381973677,56.1710171686,-31.8084036813)) ;
#1973=CARTESIAN_POINT('Control Point',(38.7925385082,55.0292044532,-36.777494911)) ;
#1974=CARTESIAN_POINT('Control Point',(39.1873259819,55.0502433257,-36.7530692676)) ;
#1975=CARTESIAN_POINT('Control Point',(39.5821156458,55.027260745,-36.6778071611)) ;
#1976=CARTESIAN_POINT('Control Point',(39.9626127786,54.9594884502,-36.5525522768)) ;
#1977=CARTESIAN_POINT('Control Point',(40.6665231423,54.7395681481,-36.2113777292)) ;
#1978=CARTESIAN_POINT('Control Point',(41.2111732167,54.3725752765,-35.7189512423)) ;
#1979=CARTESIAN_POINT('Control Point',(41.4323521707,54.1576760133,-35.4423900758)) ;
#1980=CARTESIAN_POINT('Control Point',(41.5940922119,53.9195266526,-35.1457646629)) ;
#1981=CARTESIAN_POINT('Control Point',(41.6928527408,53.6673712971,-34.8400773584)) ;
#1982=CARTESIAN_POINT('Control Point',(39.2359423897,50.8306050792,-39.0354308132)) ;
#1983=CARTESIAN_POINT('Control Point',(39.6389628615,50.8806967904,-39.012440616)) ;
#1984=CARTESIAN_POINT('Control Point',(40.0419859728,50.9037328202,-38.9252039538)) ;
#1985=CARTESIAN_POINT('Control Point',(40.4295888813,50.8977896355,-38.7745481738)) ;
#1986=CARTESIAN_POINT('Control Point',(41.1432180726,50.8284971196,-38.358321213)) ;
#1987=CARTESIAN_POINT('Control Point',(41.685768546,50.6540117691,-37.7514539014)) ;
#1988=CARTESIAN_POINT('Control Point',(41.9022233678,50.5428324945,-37.4100807836)) ;
#1989=CARTESIAN_POINT('Control Point',(42.0552672769,50.4121917876,-37.0442656437)) ;
#1990=CARTESIAN_POINT('Control Point',(42.1416420951,50.2676969514,-36.6683646618)) ;
#1991=CARTESIAN_POINT('Control Point',(39.4685017016,48.927200226,-39.6794693413)) ;
#1992=CARTESIAN_POINT('Control Point',(39.8759399597,48.989180147,-39.661113827)) ;
#1993=CARTESIAN_POINT('Control Point',(40.2833811113,49.0321922831,-39.5735878673)) ;
#1994=CARTESIAN_POINT('Control Point',(40.6747937252,49.0538000771,-39.417566213)) ;
#1995=CARTESIAN_POINT('Control Point',(41.39361915,49.0525558828,-38.9812674847)) ;
#1996=CARTESIAN_POINT('Control Point',(41.9350110665,48.9662125201,-38.3390008851)) ;
#1997=CARTESIAN_POINT('Control Point',(42.1489143399,48.9026838054,-37.9769235983)) ;
#1998=CARTESIAN_POINT('Control Point',(42.2972835044,48.8214894768,-37.5886499686)) ;
#1999=CARTESIAN_POINT('Control Point',(42.3770260136,48.7264777507,-37.1898538749)) ;
#2000=CARTESIAN_POINT('Control Point',(39.7370908088,46.9613039506,-39.9999996566)) ;
#2001=CARTESIAN_POINT('Control Point',(40.1498351989,47.0330758261,-39.9897327849)) ;
#2002=CARTESIAN_POINT('Control Point',(40.562582814,47.0949568018,-39.9063817916)) ;
#2003=CARTESIAN_POINT('Control Point',(40.958564665,47.14402908,-39.7503100294)) ;
#2004=CARTESIAN_POINT('Control Point',(41.6835929614,47.2124962053,-39.3059185641)) ;
#2005=CARTESIAN_POINT('Control Point',(42.2235289004,47.2188596689,-38.6422484898)) ;
#2006=CARTESIAN_POINT('Control Point',(42.4343341651,47.205799096,-38.2667983233)) ;
#2007=CARTESIAN_POINT('Control Point',(42.577072026,47.1771265928,-37.8635676561)) ;
#2008=CARTESIAN_POINT('Control Point',(42.6488773369,47.13465901,-37.4493924141)) ;
#2009=CARTESIAN_POINT('Control Point',(40.0312474999,45.0000022018,-40.0000002519)) ;
#2010=CARTESIAN_POINT('Control Point',(40.4500804958,45.0785231864,-40.000000212)) ;
#2011=CARTESIAN_POINT('Control Point',(40.8689171381,45.1570448425,-39.9243505773)) ;
#2012=CARTESIAN_POINT('Control Point',(41.2701330271,45.2322630244,-39.772974954)) ;
#2013=CARTESIAN_POINT('Control Point',(42.0022264016,45.3695126289,-39.3320216497)) ;
#2014=CARTESIAN_POINT('Control Point',(42.5404046394,45.4704078321,-38.6616319684)) ;
#2015=CARTESIAN_POINT('Control Point',(42.7476105784,45.5092538376,-38.2807077871)) ;
#2016=CARTESIAN_POINT('Control Point',(42.8838665769,45.5347984529,-37.8707145823)) ;
#2017=CARTESIAN_POINT('Control Point',(42.946606781,45.5465606456,-37.44939292)) ;
#2019=CARTESIAN_POINT('Control Point',(40.0312474999,45.0000022018,-40.0000002519)) ;
#2020=CARTESIAN_POINT('Control Point',(40.8689134917,45.1570441709,-40.0000001722)) ;
#2021=CARTESIAN_POINT('Control Point',(41.7070156002,45.314167853,-39.6979718708)) ;
#2022=CARTESIAN_POINT('Control Point',(42.4020737142,45.4444742216,-39.0898751833)) ;
#2023=CARTESIAN_POINT('Control Point',(42.8211263729,45.5230362602,-38.2920362446)) ;
#2024=CARTESIAN_POINT('Control Point',(42.946606781,45.5465606456,-37.44939292)) ;
#2025=CARTESIAN_POINT('Vertex',(42.9466072528,45.5465587045,-37.4493927126)) ;
#2029=CARTESIAN_POINT('Control Point',(41.9324759437,57.6923074789,-25.3036511086)) ;
#2030=CARTESIAN_POINT('Control Point',(41.8328144378,57.6923067477,-26.2565337584)) ;
#2031=CARTESIAN_POINT('Control Point',(41.7505481914,57.5988594776,-27.2108106843)) ;
#2032=CARTESIAN_POINT('Control Point',(41.6871211087,57.4114196247,-28.1540005967)) ;
#2033=CARTESIAN_POINT('Control Point',(41.5858496435,56.7626316987,-30.288905424)) ;
#2034=CARTESIAN_POINT('Control Point',(41.5933027055,55.6445696096,-32.230165805)) ;
#2035=CARTESIAN_POINT('Control Point',(41.6335888396,54.8672399207,-33.2448073322)) ;
#2036=CARTESIAN_POINT('Control Point',(41.7853424981,53.0514894975,-35.0640596542)) ;
#2037=CARTESIAN_POINT('Control Point',(42.067605901,50.8382641687,-36.3492304204)) ;
#2038=CARTESIAN_POINT('Control Point',(42.2404407235,49.6444204307,-36.8445444232)) ;
#2039=CARTESIAN_POINT('Control Point',(42.4890650456,48.0902917081,-37.260675804)) ;
#2040=CARTESIAN_POINT('Control Point',(42.7698623212,46.5066087783,-37.4177538654)) ;
#2041=CARTESIAN_POINT('Control Point',(42.8276679504,46.1867407577,-37.4388529963)) ;
#2042=CARTESIAN_POINT('Control Point',(42.8866114985,45.8665774877,-37.4493926548)) ;
#2043=CARTESIAN_POINT('Control Point',(42.9466056191,45.5465668429,-37.44939292)) ;
#2053=CARTESIAN_POINT('Control Point',(39.4994777981,20.0000039879,59.9999997262)) ;
#2054=CARTESIAN_POINT('Control Point',(40.2994502243,20.066807636,59.9999997187)) ;
#2055=CARTESIAN_POINT('Control Point',(41.0994226505,20.133611258,59.7314919572)) ;
#2056=CARTESIAN_POINT('Control Point',(41.7788061622,20.1903447826,59.1925226555)) ;
#2057=CARTESIAN_POINT('Control Point',(42.2237693097,20.2275024456,58.473396709)) ;
#2058=CARTESIAN_POINT('Control Point',(42.4083783385,20.2429185971,57.6923074348)) ;
#2059=CARTESIAN_POINT('Control Point',(38.9496338824,27.11823949,59.9999984998)) ;
#2060=CARTESIAN_POINT('Control Point',(39.7417248184,27.1726501486,59.9881103863)) ;
#2061=CARTESIAN_POINT('Control Point',(40.5338157543,27.1792782478,59.7136585834)) ;
#2062=CARTESIAN_POINT('Control Point',(41.209228645,27.1298015382,59.1766019137)) ;
#2063=CARTESIAN_POINT('Control Point',(41.6575388214,27.0327388319,58.46474992)) ;
#2064=CARTESIAN_POINT('Control Point',(41.8518561575,26.9072582334,57.6923063035)) ;
#2065=CARTESIAN_POINT('Control Point',(38.5197532034,34.2453657528,58.4175131334)) ;
#2066=CARTESIAN_POINT('Control Point',(39.3058749178,34.2824350947,58.3991996746)) ;
#2067=CARTESIAN_POINT('Control Point',(40.0919966323,34.2265191422,58.1335384495)) ;
#2068=CARTESIAN_POINT('Control Point',(40.764363506,34.0716867279,57.6215156105)) ;
#2069=CARTESIAN_POINT('Control Point',(41.2151209172,33.8432143028,56.9450928461)) ;
#2070=CARTESIAN_POINT('Control Point',(41.4167542556,33.5799229664,56.2107281246)) ;
#2071=CARTESIAN_POINT('Control Point',(38.2463202807,40.9421241676,55.2381074647)) ;
#2072=CARTESIAN_POINT('Control Point',(39.0287240478,40.9600122395,55.2218798217)) ;
#2073=CARTESIAN_POINT('Control Point',(39.8111278149,40.844069374,54.9812541639)) ;
#2074=CARTESIAN_POINT('Control Point',(40.481581904,40.5908563274,54.5170454566)) ;
#2075=CARTESIAN_POINT('Control Point',(40.9338272909,40.2406103691,53.9026879533)) ;
#2076=CARTESIAN_POINT('Control Point',(41.1400002764,39.8496600387,53.2340591825)) ;
#2077=CARTESIAN_POINT('Control Point',(38.0879884981,51.0292855376,47.1909956651)) ;
#2078=CARTESIAN_POINT('Control Point',(38.8682106629,51.0204410274,47.1923198575)) ;
#2079=CARTESIAN_POINT('Control Point',(39.6484328276,50.8151982488,47.0210257679)) ;
#2080=CARTESIAN_POINT('Control Point',(40.317770365,50.4135222807,46.6758107082)) ;
#2081=CARTESIAN_POINT('Control Point',(40.7709023922,49.8785381961,46.2111302621)) ;
#2082=CARTESIAN_POINT('Control Point',(40.9797454492,49.29361303,45.7000710439)) ;
#2083=CARTESIAN_POINT('Control Point',(38.4725925592,57.2650909798,36.0014738097)) ;
#2084=CARTESIAN_POINT('Control Point',(39.2580982709,57.2488070037,36.0329324707)) ;
#2085=CARTESIAN_POINT('Control Point',(40.0436039825,56.9928493201,35.9610201543)) ;
#2086=CARTESIAN_POINT('Control Point',(40.7156488258,56.4979477164,35.7805117346)) ;
#2087=CARTESIAN_POINT('Control Point',(41.1666408804,55.8432454802,35.5204497649)) ;
#2088=CARTESIAN_POINT('Control Point',(41.3690208046,55.1317902264,35.2240525018)) ;
#2089=CARTESIAN_POINT('Control Point',(38.7347083226,59.09015087,30.798726742)) ;
#2090=CARTESIAN_POINT('Control Point',(39.5238289261,59.0752772273,30.8438914669)) ;
#2091=CARTESIAN_POINT('Control Point',(40.3129495296,58.806232796,30.8180865254)) ;
#2092=CARTESIAN_POINT('Control Point',(40.9868437672,58.2834549531,30.7142615991)) ;
#2093=CARTESIAN_POINT('Control Point',(41.4363650896,57.5915400403,30.5495133933)) ;
#2094=CARTESIAN_POINT('Control Point',(41.6343201676,56.8404754442,30.3530586325)) ;
#2095=CARTESIAN_POINT('Control Point',(39.0826413344,59.9999992336,25.3963362329)) ;
#2096=CARTESIAN_POINT('Control Point',(39.8766388118,59.9909868586,25.4537448475)) ;
#2097=CARTESIAN_POINT('Control Point',(40.6706362893,59.7179729141,25.4749295114)) ;
#2098=CARTESIAN_POINT('Control Point',(41.347009677,59.1804535611,25.4511451631)) ;
#2099=CARTESIAN_POINT('Control Point',(41.7945102008,58.4668419744,25.3865504513)) ;
#2100=CARTESIAN_POINT('Control Point',(41.9864790828,57.6923069506,25.2951528355)) ;
#2101=CARTESIAN_POINT('Control Point',(39.4994772372,60.0000007069,20.0000082794)) ;
#2102=CARTESIAN_POINT('Control Point',(40.2994496496,60.0000006768,20.0668120094)) ;
#2103=CARTESIAN_POINT('Control Point',(41.0994220619,59.7314928976,20.1336156825)) ;
#2104=CARTESIAN_POINT('Control Point',(41.7788055672,59.1925235866,20.190349215)) ;
#2105=CARTESIAN_POINT('Control Point',(42.2237687219,58.4733976367,20.2275068418)) ;
#2106=CARTESIAN_POINT('Control Point',(42.4083777698,57.6923083599,20.2429229239)) ;
#2108=CARTESIAN_POINT('Control Point',(39.4994777981,20.0000039879,59.9999997262)) ;
#2109=CARTESIAN_POINT('Control Point',(40.4994432674,20.0835085427,59.9999997168)) ;
#2110=CARTESIAN_POINT('Control Point',(41.5067162833,20.1676232881,59.5478155256)) ;
#2111=CARTESIAN_POINT('Control Point',(42.1776169259,20.2236483971,58.6686691939)) ;
#2112=CARTESIAN_POINT('Control Point',(42.4083782799,20.2429185922,57.6923076827)) ;
#2113=CARTESIAN_POINT('Vertex',(42.4083782799,20.2429185922,57.6923076827)) ;
#2117=CARTESIAN_POINT('Control Point',(42.4083783385,20.2429185971,57.6923074348)) ;
#2118=CARTESIAN_POINT('Control Point',(42.1727061249,23.0650876464,57.6923069557)) ;
#2119=CARTESIAN_POINT('Control Point',(41.9588013765,25.8890084349,57.4264602872)) ;
#2120=CARTESIAN_POINT('Control Point',(41.7694896588,28.6827703803,56.8941093084)) ;
#2121=CARTESIAN_POINT('Control Point',(41.386321878,35.1318827308,55.0183255804)) ;
#2122=CARTESIAN_POINT('Control Point',(41.1643222785,41.0544151784,51.7404534097)) ;
#2123=CARTESIAN_POINT('Control Point',(41.0946206407,44.2130954127,49.4115974343)) ;
#2124=CARTESIAN_POINT('Control Point',(41.0766248938,49.8855231301,43.9538575048)) ;
#2125=CARTESIAN_POINT('Control Point',(41.2994098439,53.978666413,37.2065462953)) ;
#2126=CARTESIAN_POINT('Control Point',(41.4708347356,55.5742052506,33.5679155361)) ;
#2127=CARTESIAN_POINT('Control Point',(41.7629463194,56.9912911103,28.6651110157)) ;
#2128=CARTESIAN_POINT('Control Point',(42.1354380582,57.5639034517,23.6382011741)) ;
#2129=CARTESIAN_POINT('Control Point',(42.2227867304,57.6495201403,22.5076082013)) ;
#2130=CARTESIAN_POINT('Control Point',(42.3138301545,57.6923080441,21.3751290787)) ;
#2131=CARTESIAN_POINT('Control Point',(42.4083777698,57.6923083599,20.2429229239)) ;
#2140=CARTESIAN_POINT('Axis2P3D Location',(52.5,-5.,-65.)) ;
#2145=CARTESIAN_POINT('Axis2P3D Location',(-5.,-5.,-65.)) ;
#2149=CARTESIAN_POINT('Vertex',(-5.,-15.,-65.)) ;
#2151=CARTESIAN_POINT('Vertex',(-5.,-5.,-75.)) ;
#2154=CARTESIAN_POINT('Line Origine',(15.3467523413,-15.,-65.)) ;
#2158=CARTESIAN_POINT('Vertex',(35.7435046825,-15.,-65.)) ;
#2162=CARTESIAN_POINT('Control Point',(35.7435046825,-15.,-65.)) ;
#2163=CARTESIAN_POINT('Control Point',(34.8814976389,-15.,-68.1263471004)) ;
#2164=CARTESIAN_POINT('Control Point',(34.0396594519,-13.78510855,-71.2588403071)) ;
#2165=CARTESIAN_POINT('Control Point',(33.3931067882,-11.3054814709,-73.7662708655)) ;
#2166=CARTESIAN_POINT('Control Point',(33.1169830203,-8.1476782876,-75.)) ;
#2167=CARTESIAN_POINT('Control Point',(33.1844763272,-5.,-75.)) ;
#2168=CARTESIAN_POINT('Vertex',(33.1844763272,-5.,-75.)) ;
#2171=CARTESIAN_POINT('Line Origine',(15.3467523413,-5.,-75.)) ;
#2183=CARTESIAN_POINT('Axis2P3D Location',(0.,-15.,-65.)) ;
#2188=CARTESIAN_POINT('Line Origine',(-5.,-15.,-60.)) ;
#2192=CARTESIAN_POINT('Vertex',(-5.,-15.,-55.)) ;
#2195=CARTESIAN_POINT('Line Origine',(16.6125255744,-15.,-55.)) ;
#2199=CARTESIAN_POINT('Vertex',(38.2750511489,-15.,-55.)) ;
#2203=CARTESIAN_POINT('Control Point',(35.7435046825,-15.,-65.)) ;
#2204=CARTESIAN_POINT('Control Point',(36.6575038841,-15.,-61.6850865375)) ;
#2205=CARTESIAN_POINT('Control Point',(37.5016650445,-15.,-58.350520247)) ;
#2206=CARTESIAN_POINT('Control Point',(38.2750511489,-15.,-55.)) ;
#2215=CARTESIAN_POINT('Axis2P3D Location',(52.5,-35.,-55.)) ;
#2220=CARTESIAN_POINT('Axis2P3D Location',(-5.,-35.,-55.)) ;
#2224=CARTESIAN_POINT('Vertex',(-5.,-35.,-35.)) ;
#2227=CARTESIAN_POINT('Line Origine',(17.8523972717,-35.,-35.)) ;
#2231=CARTESIAN_POINT('Vertex',(39.947911014,-35.,-35.)) ;
#2235=CARTESIAN_POINT('Control Point',(38.2750511489,-15.,-55.)) ;
#2236=CARTESIAN_POINT('Control Point',(38.9953037095,-15.,-51.8796688049)) ;
#2237=CARTESIAN_POINT('Control Point',(39.6293644622,-15.608529173,-48.7337069891)) ;
#2238=CARTESIAN_POINT('Control Point',(40.1395064245,-16.8470180205,-45.7175351059)) ;
#2239=CARTESIAN_POINT('Control Point',(40.8353797407,-20.4489371981,-40.3818329929)) ;
#2240=CARTESIAN_POINT('Control Point',(40.8696662878,-25.8323405062,-36.8045331255)) ;
#2241=CARTESIAN_POINT('Control Point',(40.7137806694,-28.8084906381,-35.5942035484)) ;
#2242=CARTESIAN_POINT('Control Point',(40.3976687922,-31.9166160189,-35.)) ;
#2243=CARTESIAN_POINT('Control Point',(39.947911014,-35.,-35.)) ;
#2252=CARTESIAN_POINT('Axis2P3D Location',(0.,-45.,-35.)) ;
#2257=CARTESIAN_POINT('Line Origine',(-5.,1.42108547152E-014,-35.)) ;
#2261=CARTESIAN_POINT('Vertex',(-5.,-45.,-35.)) ;
#2264=CARTESIAN_POINT('Line Origine',(17.448955507,-45.,-35.)) ;
#2268=CARTESIAN_POINT('Vertex',(38.2750511489,-45.,-35.)) ;
#2272=CARTESIAN_POINT('Control Point',(39.947911014,-35.,-35.)) ;
#2273=CARTESIAN_POINT('Control Point',(39.4600818785,-38.3443880569,-35.)) ;
#2274=CARTESIAN_POINT('Control Point',(38.9022600374,-41.6789282225,-35.)) ;
#2275=CARTESIAN_POINT('Control Point',(38.2750511489,-45.,-35.)) ;
#2284=CARTESIAN_POINT('Axis2P3D Location',(52.5,-45.,-25.)) ;
#2290=CARTESIAN_POINT('Control Point',(38.2750511489,-45.,-35.)) ;
#2291=CARTESIAN_POINT('Control Point',(37.6872987016,-48.1121498764,-35.)) ;
#2292=CARTESIAN_POINT('Control Point',(37.2207228624,-51.2401092289,-33.7984929914)) ;
#2293=CARTESIAN_POINT('Control Point',(37.0019049534,-53.7683425849,-31.3160220412)) ;
#2294=CARTESIAN_POINT('Control Point',(37.1029442003,-55.,-28.1460716576)) ;
#2295=CARTESIAN_POINT('Control Point',(37.4342014117,-55.,-25.)) ;
#2296=CARTESIAN_POINT('Vertex',(37.4342014117,-55.,-25.)) ;
#2299=CARTESIAN_POINT('Axis2P3D Location',(-5.,-45.,-25.)) ;
#2303=CARTESIAN_POINT('Vertex',(-5.,-55.,-25.)) ;
#2306=CARTESIAN_POINT('Line Origine',(16.6125255744,-55.,-25.)) ;
#2318=CARTESIAN_POINT('Axis2P3D Location',(0.,-55.,20.)) ;
#2323=CARTESIAN_POINT('Line Origine',(-5.,-55.,-2.5)) ;
#2327=CARTESIAN_POINT('Vertex',(-5.,-55.,20.)) ;
#2330=CARTESIAN_POINT('Line Origine',(16.8483638631,-55.,20.)) ;
#2334=CARTESIAN_POINT('Vertex',(37.9075450674,-55.,20.)) ;
#2338=CARTESIAN_POINT('Control Point',(37.9075450674,-55.,20.)) ;
#2339=CARTESIAN_POINT('Control Point',(38.4666719173,-55.,13.3489751874)) ;
#2340=CARTESIAN_POINT('Control Point',(38.7467277263,-55.,6.67448935629)) ;
#2341=CARTESIAN_POINT('Control Point',(38.7467277263,-55.,0.)) ;
#2342=CARTESIAN_POINT('Vertex',(38.7467277263,-55.,0.)) ;
#2346=CARTESIAN_POINT('Control Point',(38.7467277263,-55.,1.7763568394E-015)) ;
#2347=CARTESIAN_POINT('Control Point',(38.7467277263,-55.,-8.34863996286)) ;
#2348=CARTESIAN_POINT('Control Point',(38.308415221,-55.,-16.6972696929)) ;
#2349=CARTESIAN_POINT('Control Point',(37.4342014117,-55.,-25.)) ;
#2359=CARTESIAN_POINT('Axis2P3D Location',(52.5,-20.,20.)) ;
#2365=CARTESIAN_POINT('Control Point',(37.9075450674,-20.,55.)) ;
#2366=CARTESIAN_POINT('Control Point',(37.4321471262,-25.6550378564,55.)) ;
#2367=CARTESIAN_POINT('Control Point',(37.0509946866,-31.3169891291,53.857876673)) ;
#2368=CARTESIAN_POINT('Control Point',(36.790186448,-36.6937430297,51.5666914761)) ;
#2369=CARTESIAN_POINT('Control Point',(36.5563745062,-45.8938822956,45.1336067143)) ;
#2370=CARTESIAN_POINT('Control Point',(36.8411072078,-51.9776537448,35.6801692021)) ;
#2371=CARTESIAN_POINT('Control Point',(37.0985081801,-53.9948086035,30.6165577179)) ;
#2372=CARTESIAN_POINT('Control Point',(37.4615550098,-55.,25.3052199862)) ;
#2373=CARTESIAN_POINT('Control Point',(37.9075450674,-55.,20.)) ;
#2374=CARTESIAN_POINT('Vertex',(37.9075450674,-20.,55.)) ;
#2377=CARTESIAN_POINT('Axis2P3D Location',(-5.,-20.,20.)) ;
#2381=CARTESIAN_POINT('Vertex',(-5.,-20.,55.)) ;
#2384=CARTESIAN_POINT('Line Origine',(16.4287725337,-20.,55.)) ;
#2396=CARTESIAN_POINT('Axis2P3D Location',(25.,20.,20.)) ;
#2402=CARTESIAN_POINT('Control Point',(37.9075450674,55.,20.)) ;
#2403=CARTESIAN_POINT('Control Point',(37.4299882463,55.,25.6807185466)) ;
#2404=CARTESIAN_POINT('Control Point',(37.0475316489,53.8474798855,31.368451499)) ;
#2405=CARTESIAN_POINT('Control Point',(36.7881172579,51.5333883416,36.7515337883)) ;
#2406=CARTESIAN_POINT('Control Point',(36.5568246011,45.0529284908,45.9692341587)) ;
#2407=CARTESIAN_POINT('Control Point',(36.8430818769,35.6310780587,52.0033754535)) ;
#2408=CARTESIAN_POINT('Control Point',(37.101434799,30.5737689378,54.0028840411)) ;
#2409=CARTESIAN_POINT('Control Point',(37.4633501046,25.283866657,55.)) ;
#2410=CARTESIAN_POINT('Control Point',(37.9075450674,20.,55.)) ;
#2411=CARTESIAN_POINT('Vertex',(37.9075450674,55.,20.)) ;
#2413=CARTESIAN_POINT('Vertex',(37.9075450674,20.,55.)) ;
#2416=CARTESIAN_POINT('Line Origine',(16.4287725337,20.,55.)) ;
#2420=CARTESIAN_POINT('Vertex',(-5.,20.,55.)) ;
#2423=CARTESIAN_POINT('Axis2P3D Location',(-5.,20.,20.)) ;
#2427=CARTESIAN_POINT('Vertex',(-5.,55.,20.)) ;
#2430=CARTESIAN_POINT('Line Origine',(16.4287725337,55.,20.)) ;
#2442=CARTESIAN_POINT('Axis2P3D Location',(0.,55.,-40.)) ;
#2447=CARTESIAN_POINT('Line Origine',(16.8483638631,55.,-25.)) ;
#2451=CARTESIAN_POINT('Vertex',(-5.,55.,-25.)) ;
#2453=CARTESIAN_POINT('Vertex',(37.4342014117,55.,-25.)) ;
#2457=CARTESIAN_POINT('Control Point',(37.4342014117,55.,-25.)) ;
#2458=CARTESIAN_POINT('Control Point',(38.308415221,55.,-16.6972696929)) ;
#2459=CARTESIAN_POINT('Control Point',(38.7467277263,55.,-8.34863996283)) ;
#2460=CARTESIAN_POINT('Control Point',(38.7467277263,55.,-1.54411597098E-015)) ;
#2461=CARTESIAN_POINT('Vertex',(38.7467277263,55.,0.)) ;
#2465=CARTESIAN_POINT('Control Point',(38.7467277263,55.,-3.55778820736E-016)) ;
#2466=CARTESIAN_POINT('Control Point',(38.7467277263,55.,6.67448935606)) ;
#2467=CARTESIAN_POINT('Control Point',(38.4666719173,55.,13.3489751877)) ;
#2468=CARTESIAN_POINT('Control Point',(37.9075450674,55.,20.)) ;
#2470=CARTESIAN_POINT('Line Origine',(-5.,55.,-2.5)) ;
#2483=CARTESIAN_POINT('Axis2P3D Location',(23.7689379449,45.,-25.)) ;
#2488=CARTESIAN_POINT('Axis2P3D Location',(-5.,45.,-25.)) ;
#2492=CARTESIAN_POINT('Vertex',(-5.,45.,-35.)) ;
#2495=CARTESIAN_POINT('Line Origine',(16.6125255744,45.,-35.)) ;
#2499=CARTESIAN_POINT('Vertex',(38.2750511489,45.,-35.)) ;
#2503=CARTESIAN_POINT('Control Point',(38.2750511489,45.,-35.)) ;
#2504=CARTESIAN_POINT('Control Point',(37.6872987015,48.112149877,-35.)) ;
#2505=CARTESIAN_POINT('Control Point',(37.2207228623,51.2401092313,-33.7984929878)) ;
#2506=CARTESIAN_POINT('Control Point',(37.0019049535,53.7683425821,-31.3160220454)) ;
#2507=CARTESIAN_POINT('Control Point',(37.1029442003,55.,-28.1460716582)) ;
#2508=CARTESIAN_POINT('Control Point',(37.4342014117,55.,-25.)) ;
#2517=CARTESIAN_POINT('Line Origine',(17.448955507,35.,-35.)) ;
#2521=CARTESIAN_POINT('Vertex',(-5.,35.,-35.)) ;
#2523=CARTESIAN_POINT('Vertex',(39.947911014,35.,-35.)) ;
#2527=CARTESIAN_POINT('Control Point',(38.2750511489,45.,-35.)) ;
#2528=CARTESIAN_POINT('Control Point',(38.9022600374,41.6789282225,-35.)) ;
#2529=CARTESIAN_POINT('Control Point',(39.4600818785,38.3443880569,-35.)) ;
#2530=CARTESIAN_POINT('Control Point',(39.947911014,35.,-35.)) ;
#2532=CARTESIAN_POINT('Line Origine',(-5.,1.42108547152E-014,-35.)) ;
#2544=CARTESIAN_POINT('Axis2P3D Location',(24.5993579438,35.,-55.)) ;
#2549=CARTESIAN_POINT('Axis2P3D Location',(-5.,35.,-55.)) ;
#2553=CARTESIAN_POINT('Vertex',(-5.,15.,-55.)) ;
#2556=CARTESIAN_POINT('Line Origine',(17.8523972717,15.,-55.)) ;
#2560=CARTESIAN_POINT('Vertex',(38.2750511489,15.,-55.)) ;
#2564=CARTESIAN_POINT('Control Point',(39.947911014,35.,-35.)) ;
#2565=CARTESIAN_POINT('Control Point',(40.3640199789,32.1473006607,-35.)) ;
#2566=CARTESIAN_POINT('Control Point',(40.6657322064,29.2734235554,-35.508618345)) ;
#2567=CARTESIAN_POINT('Control Point',(40.8321099846,26.5023939202,-36.5427388974)) ;
#2568=CARTESIAN_POINT('Control Point',(40.8757240783,20.9810340385,-39.8661503755)) ;
#2569=CARTESIAN_POINT('Control Point',(40.2492031797,17.1288876016,-45.0589145463)) ;
#2570=CARTESIAN_POINT('Control Point',(39.7214617696,15.7005997285,-48.2743446309)) ;
#2571=CARTESIAN_POINT('Control Point',(39.0478724638,15.,-51.6519265755)) ;
#2572=CARTESIAN_POINT('Control Point',(38.2750511489,15.,-55.)) ;
#2581=CARTESIAN_POINT('Axis2P3D Location',(0.,15.,-40.)) ;
#2586=CARTESIAN_POINT('Line Origine',(-5.,15.,-60.)) ;
#2590=CARTESIAN_POINT('Vertex',(-5.,15.,-65.)) ;
#2593=CARTESIAN_POINT('Line Origine',(16.6125255744,15.,-65.)) ;
#2597=CARTESIAN_POINT('Vertex',(35.7435046825,15.,-65.)) ;
#2601=CARTESIAN_POINT('Control Point',(38.2750511489,15.,-55.)) ;
#2602=CARTESIAN_POINT('Control Point',(37.5016650445,15.,-58.350520247)) ;
#2603=CARTESIAN_POINT('Control Point',(36.6575038841,15.,-61.6850865375)) ;
#2604=CARTESIAN_POINT('Control Point',(35.7435046825,15.,-65.)) ;
#2613=CARTESIAN_POINT('Axis2P3D Location',(25.,5.,-65.)) ;
#2619=CARTESIAN_POINT('Control Point',(33.1844763272,5.,-75.)) ;
#2620=CARTESIAN_POINT('Control Point',(33.1169830209,8.14767825938,-75.)) ;
#2621=CARTESIAN_POINT('Control Point',(33.3931068184,11.3054812622,-73.7662708661)) ;
#2622=CARTESIAN_POINT('Control Point',(34.0396591881,13.7851085338,-71.25884057)) ;
#2623=CARTESIAN_POINT('Control Point',(34.8814976466,15.,-68.1263470723)) ;
#2624=CARTESIAN_POINT('Control Point',(35.7435046825,15.,-65.)) ;
#2625=CARTESIAN_POINT('Vertex',(33.1844763272,5.,-75.)) ;
#2628=CARTESIAN_POINT('Axis2P3D Location',(-5.,5.,-65.)) ;
#2632=CARTESIAN_POINT('Vertex',(-5.,5.,-75.)) ;
#2635=CARTESIAN_POINT('Line Origine',(15.3467523413,5.,-75.)) ;
#2648=CARTESIAN_POINT('Control Point',(34.6380191888,-5.00000209108,-80.0000005743)) ;
#2649=CARTESIAN_POINT('Control Point',(35.0140653533,-5.00801537203,-80.0000006542)) ;
#2650=CARTESIAN_POINT('Control Point',(35.3901130738,-5.01602867885,-79.94105834)) ;
#2651=CARTESIAN_POINT('Control Point',(35.7538391685,-5.02377941313,-79.8231373378)) ;
#2652=CARTESIAN_POINT('Control Point',(36.4320658624,-5.03823190717,-79.4773105813)) ;
#2653=CARTESIAN_POINT('Control Point',(36.9720154808,-5.04973778975,-78.9405438654)) ;
#2654=CARTESIAN_POINT('Control Point',(37.1974230018,-5.05454102825,-78.6316256012)) ;
#2655=CARTESIAN_POINT('Control Point',(37.3706447865,-5.05823222147,-78.2926110063)) ;
#2656=CARTESIAN_POINT('Control Point',(37.487873673,-5.06073024288,-77.9352231364)) ;
#2657=CARTESIAN_POINT('Control Point',(34.6040973864,-6.98982534811,-79.9999995522)) ;
#2658=CARTESIAN_POINT('Control Point',(34.9795901496,-6.98400895079,-79.998936499)) ;
#2659=CARTESIAN_POINT('Control Point',(35.3550844456,-6.97037352455,-79.9391967638)) ;
#2660=CARTESIAN_POINT('Control Point',(35.7183308646,-6.94910604639,-79.8207793805)) ;
#2661=CARTESIAN_POINT('Control Point',(36.3958922816,-6.89274716759,-79.474558425)) ;
#2662=CARTESIAN_POINT('Control Point',(36.9359615226,-6.8132103032,-78.9384537432)) ;
#2663=CARTESIAN_POINT('Control Point',(37.16167487,-6.76875789135,-78.6300961546)) ;
#2664=CARTESIAN_POINT('Control Point',(37.3354735605,-6.7211243611,-78.2918044779)) ;
#2665=CARTESIAN_POINT('Control Point',(37.4535398648,-6.67192337643,-77.9352223359)) ;
#2666=CARTESIAN_POINT('Control Point',(34.6432543674,-8.98138068928,-79.6700802043)) ;
#2667=CARTESIAN_POINT('Control Point',(35.0193885813,-8.96143729393,-79.6725350829)) ;
#2668=CARTESIAN_POINT('Control Point',(35.3955243552,-8.92593785164,-79.6173040786)) ;
#2669=CARTESIAN_POINT('Control Point',(35.7593266821,-8.87552085914,-79.5042703923)) ;
#2670=CARTESIAN_POINT('Control Point',(36.4376587134,-8.74823644691,-79.170244664)) ;
#2671=CARTESIAN_POINT('Control Point',(36.9775883985,-8.57777072695,-78.6484717049)) ;
#2672=CARTESIAN_POINT('Control Point',(37.2029467787,-8.4841595975,-78.3476343505)) ;
#2673=CARTESIAN_POINT('Control Point',(37.3760764866,-8.38531401494,-78.0170192506)) ;
#2674=CARTESIAN_POINT('Control Point',(37.4931724369,-8.28451907203,-77.6680809525)) ;
#2675=CARTESIAN_POINT('Control Point',(34.7571124473,-10.9006477721,-79.0089215895)) ;
#2676=CARTESIAN_POINT('Control Point',(35.1350870557,-10.868117587,-79.0196338972)) ;
#2677=CARTESIAN_POINT('Control Point',(35.5130632997,-10.8122857026,-78.9743317995)) ;
#2678=CARTESIAN_POINT('Control Point',(35.8784613779,-10.7342066546,-78.872635039)) ;
#2679=CARTESIAN_POINT('Control Point',(36.5590090393,-10.5388537428,-78.5634710915)) ;
#2680=CARTESIAN_POINT('Control Point',(37.0985465755,-10.2800915051,-78.0696670119)) ;
#2681=CARTESIAN_POINT('Control Point',(37.3228909626,-10.1385838956,-77.7832729781)) ;
#2682=CARTESIAN_POINT('Control Point',(37.4941040359,-9.98975397583,-77.4672395322)) ;
#2683=CARTESIAN_POINT('Control Point',(37.6084134076,-9.8385806625,-77.1327304148)) ;
#2684=CARTESIAN_POINT('Control Point',(35.1937269075,-15.1058079525,-76.7141207292)) ;
#2685=CARTESIAN_POINT('Control Point',(35.5789120263,-15.0516059801,-76.7530929178)) ;
#2686=CARTESIAN_POINT('Control Point',(35.9640990914,-14.9554497578,-76.7420731076)) ;
#2687=CARTESIAN_POINT('Control Point',(36.3357442458,-14.8192011012,-76.6797041492)) ;
#2688=CARTESIAN_POINT('Control Point',(37.0249434181,-14.4762723441,-76.4569714325)) ;
#2689=CARTESIAN_POINT('Control Point',(37.5628928438,-14.0201903121,-76.0605299992)) ;
#2690=CARTESIAN_POINT('Control Point',(37.7832366288,-13.770750988,-75.8243920116)) ;
#2691=CARTESIAN_POINT('Control Point',(37.9469232584,-13.5088197541,-75.5590356566)) ;
#2692=CARTESIAN_POINT('Control Point',(38.0503308788,-13.243569919,-75.2745911582)) ;
#2693=CARTESIAN_POINT('Control Point',(35.9704334601,-18.159134133,-72.9617043872)) ;
#2694=CARTESIAN_POINT('Control Point',(36.3694210841,-18.1069878053,-73.0396218671)) ;
#2695=CARTESIAN_POINT('Control Point',(36.7684113739,-17.9944556615,-73.0797051774)) ;
#2696=CARTESIAN_POINT('Control Point',(37.1519810022,-17.8235114934,-73.0789809672)) ;
#2697=CARTESIAN_POINT('Control Point',(37.8575428424,-17.3783825218,-72.9962365458)) ;
#2698=CARTESIAN_POINT('Control Point',(38.3921115885,-16.7672981897,-72.7638177033)) ;
#2699=CARTESIAN_POINT('Control Point',(38.604618067,-16.4303319466,-72.6133561799)) ;
#2700=CARTESIAN_POINT('Control Point',(38.7537997236,-16.0752849503,-72.4348575987)) ;
#2701=CARTESIAN_POINT('Control Point',(38.8364711124,-15.7158970861,-72.2361986055)) ;
#2702=CARTESIAN_POINT('Control Point',(36.5085748191,-19.3880008607,-70.4240739605)) ;
#2703=CARTESIAN_POINT('Control Point',(36.9176697374,-19.3472579844,-70.5236305765)) ;
#2704=CARTESIAN_POINT('Control Point',(37.3267679132,-19.2358565687,-70.5950235153)) ;
#2705=CARTESIAN_POINT('Control Point',(37.7190520685,-19.0554861408,-70.6341981469)) ;
#2706=CARTESIAN_POINT('Control Point',(38.4364932084,-18.5722362312,-70.6451301257)) ;
#2707=CARTESIAN_POINT('Control Point',(38.9684097526,-17.8917654918,-70.5267210299)) ;
#2708=CARTESIAN_POINT('Control Point',(39.1750841987,-17.5140851828,-70.4364918913)) ;
#2709=CARTESIAN_POINT('Control Point',(39.3135934954,-17.1149736628,-70.3193999604)) ;
#2710=CARTESIAN_POINT('Control Point',(39.381148603,-16.7109320942,-70.1814358449)) ;
#2711=CARTESIAN_POINT('Control Point',(37.0936843745,-19.9999989863,-67.7109262022)) ;
#2712=CARTESIAN_POINT('Control Point',(37.5148501963,-19.9785185899,-67.8247463642)) ;
#2713=CARTESIAN_POINT('Control Point',(37.9360201327,-19.8778303382,-67.9232825791)) ;
#2714=CARTESIAN_POINT('Control Point',(38.3386765075,-19.6988587023,-68.0015153852)) ;
#2715=CARTESIAN_POINT('Control Point',(39.0700984171,-19.2008395555,-68.1104270866)) ;
#2716=CARTESIAN_POINT('Control Point',(39.5985008355,-18.4767084696,-68.1198180817)) ;
#2717=CARTESIAN_POINT('Control Point',(39.7980310682,-18.0715060619,-68.0984742837)) ;
#2718=CARTESIAN_POINT('Control Point',(39.9237071618,-17.6417151223,-68.0523080948)) ;
#2719=CARTESIAN_POINT('Control Point',(39.9733647511,-17.2064768995,-67.9845560338)) ;
#2720=CARTESIAN_POINT('Control Point',(37.6867679949,-19.9999997639,-65.0000023846)) ;
#2721=CARTESIAN_POINT('Control Point',(38.1213842738,-19.9999997263,-65.1188565569)) ;
#2722=CARTESIAN_POINT('Control Point',(38.5560058265,-19.9154249756,-65.237712157)) ;
#2723=CARTESIAN_POINT('Control Point',(38.970180023,-19.7461690196,-65.3509760202)) ;
#2724=CARTESIAN_POINT('Control Point',(39.7169493932,-19.2549334206,-65.5551943692)) ;
#2725=CARTESIAN_POINT('Control Point',(40.241059852,-18.5163893479,-65.6985223184)) ;
#2726=CARTESIAN_POINT('Control Point',(40.4324398653,-18.0996746712,-65.7508587891)) ;
#2727=CARTESIAN_POINT('Control Point',(40.5437389182,-17.6559838473,-65.7812955779)) ;
#2728=CARTESIAN_POINT('Control Point',(40.5736518166,-17.2064775461,-65.7894757579)) ;
#2730=CARTESIAN_POINT('Control Point',(37.6867679949,-19.9999997639,-65.0000023846)) ;
#2731=CARTESIAN_POINT('Control Point',(38.5560005527,-19.9999996887,-65.2377107292)) ;
#2732=CARTESIAN_POINT('Control Point',(39.4258587741,-19.6624728686,-65.4755901159)) ;
#2733=CARTESIAN_POINT('Control Point',(40.1291569899,-18.9819192637,-65.6679204102)) ;
#2734=CARTESIAN_POINT('Control Point',(40.5138260199,-18.1054901486,-65.7731153979)) ;
#2735=CARTESIAN_POINT('Control Point',(40.5736518166,-17.2064775461,-65.7894757579)) ;
#2736=CARTESIAN_POINT('Vertex',(40.5736524983,-17.2064777328,-65.7894736842)) ;
#2740=CARTESIAN_POINT('Control Point',(34.6380193507,-5.00000209453,-80.0000005743)) ;
#2741=CARTESIAN_POINT('Control Point',(35.5781346592,-5.02003529472,-80.0000007233)) ;
#2742=CARTESIAN_POINT('Control Point',(36.5236826041,-5.04018421156,-79.6038196783)) ;
#2743=CARTESIAN_POINT('Control Point',(37.1948013369,-5.05448518679,-78.8286929261)) ;
#2744=CARTESIAN_POINT('Control Point',(37.4878735953,-5.06073024122,-77.9352233734)) ;
#2745=CARTESIAN_POINT('Vertex',(37.4878735953,-5.06073024122,-77.9352233734)) ;
#2749=CARTESIAN_POINT('Control Point',(37.4878736324,-5.06073214729,-77.9352231364)) ;
#2750=CARTESIAN_POINT('Control Point',(37.4799404053,-5.4330178847,-77.9352228931)) ;
#2751=CARTESIAN_POINT('Control Point',(37.4759567886,-5.80537364664,-77.9209587143)) ;
#2752=CARTESIAN_POINT('Control Point',(37.4759420667,-6.17706568041,-77.8924199178)) ;
#2753=CARTESIAN_POINT('Control Point',(37.4930672407,-7.7796238683,-77.7073326553)) ;
#2754=CARTESIAN_POINT('Control Point',(37.5843113899,-9.34217485625,-77.25774481)) ;
#2755=CARTESIAN_POINT('Control Point',(37.6977634131,-10.4929347226,-76.759575628)) ;
#2756=CARTESIAN_POINT('Control Point',(38.0079247922,-12.6551335295,-75.4723986441)) ;
#2757=CARTESIAN_POINT('Control Point',(38.4646093005,-14.4201921798,-73.6828285995)) ;
#2758=CARTESIAN_POINT('Control Point',(38.7268566025,-15.1854877177,-72.6731299981)) ;
#2759=CARTESIAN_POINT('Control Point',(39.2350092908,-16.2883796783,-70.7429477063)) ;
#2760=CARTESIAN_POINT('Control Point',(39.8024339503,-16.9280035319,-68.6272103663)) ;
#2761=CARTESIAN_POINT('Control Point',(40.0558557299,-17.1137005383,-67.6887654171)) ;
#2762=CARTESIAN_POINT('Control Point',(40.3140033932,-17.2064768575,-66.7389367427)) ;
#2763=CARTESIAN_POINT('Control Point',(40.5736503862,-17.2064775461,-65.7894809885)) ;
#2772=CARTESIAN_POINT('Axis2P3D Location',(-200.,-17.,7.1054273576E-014)) ;
#2777=CARTESIAN_POINT('Axis2P3D Location',(40.1978351276,-17.,-55.)) ;
#2781=CARTESIAN_POINT('Vertex',(43.1152191573,-17.2064784148,-55.6680087238)) ;
#2784=CARTESIAN_POINT('Axis2P3D Location',(-200.,-17.2064777328,7.1054273576E-014)) ;
#2797=CARTESIAN_POINT('Control Point',(41.6919527001,-35.,-40.)) ;
#2798=CARTESIAN_POINT('Control Point',(42.1136834995,-35.0610718636,-40.)) ;
#2799=CARTESIAN_POINT('Control Point',(42.5354179704,-35.122144259,-39.9243503965)) ;
#2800=CARTESIAN_POINT('Control Point',(42.939409772,-35.1806472952,-39.7729747941)) ;
#2801=CARTESIAN_POINT('Control Point',(43.6765683081,-35.2873970172,-39.3320215108)) ;
#2802=CARTESIAN_POINT('Control Point',(44.2184700325,-35.365871125,-38.6616318151)) ;
#2803=CARTESIAN_POINT('Control Point',(44.4271095532,-35.3960847218,-38.2807076192)) ;
#2804=CARTESIAN_POINT('Control Point',(44.5643082407,-35.4159527978,-37.8707143953)) ;
#2805=CARTESIAN_POINT('Control Point',(44.62748249,-35.4251012146,-37.4493927126)) ;
#2806=CARTESIAN_POINT('Control Point',(42.1303137304,-32.4774206334,-40.)) ;
#2807=CARTESIAN_POINT('Control Point',(42.5471934793,-32.5215397627,-39.9897294251)) ;
#2808=CARTESIAN_POINT('Control Point',(42.9640764866,-32.5529370804,-39.9063756526)) ;
#2809=CARTESIAN_POINT('Control Point',(43.3640241115,-32.5698306199,-39.750302194)) ;
#2810=CARTESIAN_POINT('Control Point',(44.0963068029,-32.5733138957,-39.3059094811)) ;
#2811=CARTESIAN_POINT('Control Point',(44.6416262315,-32.5186614824,-38.642241819)) ;
#2812=CARTESIAN_POINT('Control Point',(44.8545254957,-32.4773918225,-38.2667936204)) ;
#2813=CARTESIAN_POINT('Control Point',(44.9986703101,-32.4240298449,-37.8635653849)) ;
#2814=CARTESIAN_POINT('Control Point',(45.0711677433,-32.3612396357,-37.4493927126)) ;
#2815=CARTESIAN_POINT('Control Point',(42.4265458247,-29.9349444532,-40.5294351764)) ;
#2816=CARTESIAN_POINT('Control Point',(42.8403403409,-29.9584969817,-40.5159043711)) ;
#2817=CARTESIAN_POINT('Control Point',(43.2541378852,-29.957584252,-40.4336678241)) ;
#2818=CARTESIAN_POINT('Control Point',(43.6515110718,-29.9312772722,-40.2831941362)) ;
#2819=CARTESIAN_POINT('Control Point',(44.3806797527,-29.8301566992,-39.8581277941)) ;
#2820=CARTESIAN_POINT('Control Point',(44.9281853654,-29.6437853027,-39.2268014345)) ;
#2821=CARTESIAN_POINT('Control Point',(45.1438162317,-29.5321897151,-38.8699780729)) ;
#2822=CARTESIAN_POINT('Control Point',(45.2924399778,-29.4068667137,-38.4866477536)) ;
#2823=CARTESIAN_POINT('Control Point',(45.3709978005,-29.2732122029,-38.0924315155)) ;
#2824=CARTESIAN_POINT('Control Point',(42.5496521001,-27.5238898885,-41.6106668332)) ;
#2825=CARTESIAN_POINT('Control Point',(42.9621937015,-27.5268591135,-41.6030832279)) ;
#2826=CARTESIAN_POINT('Control Point',(43.3747382411,-27.4946507185,-41.5324418982)) ;
#2827=CARTESIAN_POINT('Control Point',(43.7710656345,-27.4271093707,-41.3989813989)) ;
#2828=CARTESIAN_POINT('Control Point',(44.4989679805,-27.2268512249,-41.017295852)) ;
#2829=CARTESIAN_POINT('Control Point',(45.0473637602,-26.9163676655,-40.4437531557)) ;
#2830=CARTESIAN_POINT('Control Point',(45.2641076161,-26.7385536812,-40.1183533644)) ;
#2831=CARTESIAN_POINT('Control Point',(45.414559836,-26.5454054427,-39.7675815391)) ;
#2832=CARTESIAN_POINT('Control Point',(45.495599289,-26.344805799,-39.4056675712)) ;
#2833=CARTESIAN_POINT('Control Point',(42.4345623182,-23.6266239188,-44.5151120966)) ;
#2834=CARTESIAN_POINT('Control Point',(42.8482336663,-23.6011311158,-44.5327822372)) ;
#2835=CARTESIAN_POINT('Control Point',(43.261908026,-23.5218604278,-44.500186065)) ;
#2836=CARTESIAN_POINT('Control Point',(43.6591789594,-23.3897660665,-44.4166081772)) ;
#2837=CARTESIAN_POINT('Control Point',(44.3882261917,-23.0307235749,-44.1545000077)) ;
#2838=CARTESIAN_POINT('Control Point',(44.9358163644,-22.5164949462,-43.7301653877)) ;
#2839=CARTESIAN_POINT('Control Point',(45.1515513854,-22.229147694,-43.484289688)) ;
#2840=CARTESIAN_POINT('Control Point',(45.3003405384,-21.9233090804,-43.2149216439)) ;
#2841=CARTESIAN_POINT('Control Point',(45.3791116604,-21.6112838836,-42.9333350848)) ;
#2842=CARTESIAN_POINT('Control Point',(41.7412089141,-21.1529316906,-48.6326394905)) ;
#2843=CARTESIAN_POINT('Control Point',(42.1623310725,-21.1234460487,-48.6886034719)) ;
#2844=CARTESIAN_POINT('Control Point',(42.5834568401,-21.0246472491,-48.712191023)) ;
#2845=CARTESIAN_POINT('Control Point',(42.9869420071,-20.8576980449,-48.7010536581)) ;
#2846=CARTESIAN_POINT('Control Point',(43.7234930253,-20.4019866728,-48.6104263937)) ;
#2847=CARTESIAN_POINT('Control Point',(44.2658193741,-19.7490878587,-48.3962862942)) ;
#2848=CARTESIAN_POINT('Control Point',(44.4749859469,-19.3848563714,-48.2615755385)) ;
#2849=CARTESIAN_POINT('Control Point',(44.6130360036,-18.9986393459,-48.1051860606)) ;
#2850=CARTESIAN_POINT('Control Point',(44.6773369556,-18.6067998197,-47.934379473)) ;
#2851=CARTESIAN_POINT('Control Point',(41.3081354006,-20.3806095131,-50.7104811988)) ;
#2852=CARTESIAN_POINT('Control Point',(41.7340229754,-20.3557693804,-50.784576668)) ;
#2853=CARTESIAN_POINT('Control Point',(42.1599145604,-20.2551986001,-50.835760823)) ;
#2854=CARTESIAN_POINT('Control Point',(42.5673728724,-20.079913841,-50.8608426098)) ;
#2855=CARTESIAN_POINT('Control Point',(43.3087156257,-19.5957038167,-50.8567433481)) ;
#2856=CARTESIAN_POINT('Control Point',(43.8476829652,-18.8955715148,-50.7495466534)) ;
#2857=CARTESIAN_POINT('Control Point',(44.0526618665,-18.504254047,-50.6714765298)) ;
#2858=CARTESIAN_POINT('Control Point',(44.1838797044,-18.0892615863,-50.572611111)) ;
#2859=CARTESIAN_POINT('Control Point',(44.2390034445,-17.6687563265,-50.4580749818)) ;
#2860=CARTESIAN_POINT('Control Point',(40.7851669498,-20.0000013641,-52.8624854748)) ;
#2861=CARTESIAN_POINT('Control Point',(41.217111262,-19.98567013,-52.9520253772)) ;
#2862=CARTESIAN_POINT('Control Point',(41.6490601441,-19.8903448315,-53.0295142349)) ;
#2863=CARTESIAN_POINT('Control Point',(42.0615645401,-19.7146068114,-53.0909242139)) ;
#2864=CARTESIAN_POINT('Control Point',(42.8089772005,-19.2188454203,-53.1759710929)) ;
#2865=CARTESIAN_POINT('Control Point',(43.3436952602,-18.4899174052,-53.1818721142)) ;
#2866=CARTESIAN_POINT('Control Point',(43.5433870897,-18.0808834729,-53.1640907286)) ;
#2867=CARTESIAN_POINT('Control Point',(43.6660176113,-17.6464663551,-53.1265455878)) ;
#2868=CARTESIAN_POINT('Control Point',(43.7096831459,-17.2064794092,-53.071844333)) ;
#2869=CARTESIAN_POINT('Control Point',(40.1978365284,-20.0000005679,-54.9999940347)) ;
#2870=CARTESIAN_POINT('Control Point',(40.6370443345,-20.000000488,-55.1005628687)) ;
#2871=CARTESIAN_POINT('Control Point',(41.0762574701,-19.9154257076,-55.2011328883)) ;
#2872=CARTESIAN_POINT('Control Point',(41.494807235,-19.7461697366,-55.2969714202)) ;
#2873=CARTESIAN_POINT('Control Point',(42.2494659064,-19.2549341358,-55.4697712955)) ;
#2874=CARTESIAN_POINT('Control Point',(42.7791134002,-18.5163901087,-55.5910485066)) ;
#2875=CARTESIAN_POINT('Control Point',(42.9725152866,-18.0996754643,-55.6353330727)) ;
#2876=CARTESIAN_POINT('Control Point',(43.0849902006,-17.6559846779,-55.6610871483)) ;
#2877=CARTESIAN_POINT('Control Point',(43.1152191573,-17.2064784148,-55.6680087238)) ;
#2879=CARTESIAN_POINT('Control Point',(41.6919527001,-35.,-40.)) ;
#2880=CARTESIAN_POINT('Control Point',(42.5354142988,-35.1221437273,-40.)) ;
#2881=CARTESIAN_POINT('Control Point',(43.3793150316,-35.2443510466,-39.697971744)) ;
#2882=CARTESIAN_POINT('Control Point',(44.079182064,-35.3457004952,-39.0898750525)) ;
#2883=CARTESIAN_POINT('Control Point',(44.5011339914,-35.4068043809,-38.292036078)) ;
#2884=CARTESIAN_POINT('Control Point',(44.62748249,-35.4251012146,-37.4493927126)) ;
#2885=CARTESIAN_POINT('Vertex',(44.62748249,-35.4251012146,-37.4493927126)) ;
#2889=CARTESIAN_POINT('Control Point',(44.6274832411,-35.4250960281,-37.4493927126)) ;
#2890=CARTESIAN_POINT('Control Point',(44.8509862576,-33.8816987473,-37.4493931519)) ;
#2891=CARTESIAN_POINT('Control Point',(45.0379426898,-32.3320813607,-37.6128304429)) ;
#2892=CARTESIAN_POINT('Control Point',(45.184472139,-30.8000497215,-37.9423441387)) ;
#2893=CARTESIAN_POINT('Control Point',(45.3894085812,-27.8439713196,-38.9204193954)) ;
#2894=CARTESIAN_POINT('Control Point',(45.4189610095,-25.1517471258,-40.5032546758)) ;
#2895=CARTESIAN_POINT('Control Point',(45.3892800721,-23.9036870399,-41.4283682733)) ;
#2896=CARTESIAN_POINT('Control Point',(45.2417873919,-21.6177514016,-43.5333136561)) ;
#2897=CARTESIAN_POINT('Control Point',(44.9260239369,-19.8289514063,-46.0618782039)) ;
#2898=CARTESIAN_POINT('Control Point',(44.7274738531,-19.072700491,-47.4166373891)) ;
#2899=CARTESIAN_POINT('Control Point',(44.3234802809,-18.0325609689,-49.8536914182)) ;
#2900=CARTESIAN_POINT('Control Point',(43.8239980692,-17.4493398492,-52.4141599094)) ;
#2901=CARTESIAN_POINT('Control Point',(43.6003604948,-17.2871251345,-53.4965784881)) ;
#2902=CARTESIAN_POINT('Control Point',(43.3634688794,-17.2064788311,-54.5838436584)) ;
#2903=CARTESIAN_POINT('Control Point',(43.1152191615,-17.2064784148,-55.6680087054)) ;
#2912=CARTESIAN_POINT('Axis2P3D Location',(-200.,-5.68434188608E-014,-37.)) ;
#2917=CARTESIAN_POINT('Axis2P3D Location',(40.0312479658,-45.,-37.)) ;
#2921=CARTESIAN_POINT('Vertex',(42.9466054448,-45.5465671988,-37.449392904)) ;
#2924=CARTESIAN_POINT('Axis2P3D Location',(-200.,-5.68434188608E-014,-37.4493927126)) ;
#2937=CARTESIAN_POINT('Control Point',(40.0312463268,-45.0000108318,-39.9999990035)) ;
#2938=CARTESIAN_POINT('Control Point',(40.4500792759,-45.0785317123,-39.9999988829)) ;
#2939=CARTESIAN_POINT('Control Point',(40.8689158714,-45.1570532233,-39.9243491945)) ;
#2940=CARTESIAN_POINT('Control Point',(41.2701317203,-45.2322712244,-39.772973548)) ;
#2941=CARTESIAN_POINT('Control Point',(42.0022250418,-45.3695204133,-39.3320202566)) ;
#2942=CARTESIAN_POINT('Control Point',(42.5404032965,-45.4704151338,-38.6616306883)) ;
#2943=CARTESIAN_POINT('Control Point',(42.7476092656,-45.5092608912,-38.2807065842)) ;
#2944=CARTESIAN_POINT('Control Point',(42.883865317,-45.5348052631,-37.8707134691)) ;
#2945=CARTESIAN_POINT('Control Point',(42.9466055943,-45.5465672269,-37.4493919001)) ;
#2946=CARTESIAN_POINT('Control Point',(39.6206900498,-47.7374090792,-39.9999968685)) ;
#2947=CARTESIAN_POINT('Control Point',(40.0310250059,-47.8065101665,-39.9856671214)) ;
#2948=CARTESIAN_POINT('Control Point',(40.4413630204,-47.861806176,-39.8992685004)) ;
#2949=CARTESIAN_POINT('Control Point',(40.8352736152,-47.9005321983,-39.7413383781)) ;
#2950=CARTESIAN_POINT('Control Point',(41.5575060656,-47.9417813402,-39.2955864347)) ;
#2951=CARTESIAN_POINT('Control Point',(42.0981375927,-47.9107376889,-38.6345756447)) ;
#2952=CARTESIAN_POINT('Control Point',(42.3103672238,-47.8771372119,-38.261291782)) ;
#2953=CARTESIAN_POINT('Control Point',(42.4556701558,-47.8270105263,-37.8607373273)) ;
#2954=CARTESIAN_POINT('Control Point',(42.5310628041,-47.7630837734,-37.4493902105)) ;
#2955=CARTESIAN_POINT('Control Point',(39.2599423159,-50.4835141867,-39.3760186632)) ;
#2956=CARTESIAN_POINT('Control Point',(39.6633046421,-50.5372740359,-39.3515784749)) ;
#2957=CARTESIAN_POINT('Control Point',(40.0666696135,-50.5650086344,-39.2612817983)) ;
#2958=CARTESIAN_POINT('Control Point',(40.4545709041,-50.5646781686,-39.1060293352)) ;
#2959=CARTESIAN_POINT('Control Point',(41.1686231623,-50.5081262552,-38.6779221209)) ;
#2960=CARTESIAN_POINT('Control Point',(41.7111195844,-50.3487084644,-38.0548883968)) ;
#2961=CARTESIAN_POINT('Control Point',(41.9273955043,-50.2454688587,-37.7046311211)) ;
#2962=CARTESIAN_POINT('Control Point',(42.0800871798,-50.122978699,-37.3294788477)) ;
#2963=CARTESIAN_POINT('Control Point',(42.165933518,-49.98665184,-36.9441444281)) ;
#2964=CARTESIAN_POINT('Control Point',(38.9774967898,-53.0573442275,-38.1169008937)) ;
#2965=CARTESIAN_POINT('Control Point',(39.3756938882,-53.0923990313,-38.0901968713)) ;
#2966=CARTESIAN_POINT('Control Point',(39.7738933597,-53.0912701771,-38.0055277534)) ;
#2967=CARTESIAN_POINT('Control Point',(40.1573340728,-53.0526517653,-37.8638270882)) ;
#2968=CARTESIAN_POINT('Control Point',(40.8652740032,-52.9034999326,-37.4771616013)) ;
#2969=CARTESIAN_POINT('Control Point',(41.4090623714,-52.6266559396,-36.9188869344)) ;
#2970=CARTESIAN_POINT('Control Point',(41.6282889507,-52.4602960325,-36.6055122811)) ;
#2971=CARTESIAN_POINT('Control Point',(41.7864296843,-52.2724620704,-36.2698462372)) ;
#2972=CARTESIAN_POINT('Control Point',(41.8800574776,-52.0707233186,-35.9246171189)) ;
#2973=CARTESIAN_POINT('Control Point',(38.6737314909,-56.7915861911,-35.0216877103)) ;
#2974=CARTESIAN_POINT('Control Point',(39.0664459476,-56.7986383347,-35.0051582802)) ;
#2975=CARTESIAN_POINT('Control Point',(39.4591624975,-56.7551280531,-34.9458585597)) ;
#2976=CARTESIAN_POINT('Control Point',(39.8378661892,-56.6607726672,-34.8443439164)) ;
#2977=CARTESIAN_POINT('Control Point',(40.5393045121,-56.3773654219,-34.5643520262)) ;
#2978=CARTESIAN_POINT('Control Point',(41.0844409276,-55.9307980652,-34.1550418505)) ;
#2979=CARTESIAN_POINT('Control Point',(41.3067873194,-55.6732245379,-33.9241633144)) ;
#2980=CARTESIAN_POINT('Control Point',(41.4707055937,-55.3908876482,-33.6755530847)) ;
#2981=CARTESIAN_POINT('Control Point',(41.572602725,-55.0944023016,-33.4183699071)) ;
#2982=CARTESIAN_POINT('Control Point',(38.6883029878,-59.0498134592,-30.7825795065)) ;
#2983=CARTESIAN_POINT('Control Point',(39.0812937787,-59.0439389192,-30.7909599388)) ;
#2984=CARTESIAN_POINT('Control Point',(39.4742866786,-58.9778603728,-30.7745260999)) ;
#2985=CARTESIAN_POINT('Control Point',(39.8532286915,-58.8517422229,-30.7329604175)) ;
#2986=CARTESIAN_POINT('Control Point',(40.5549921708,-58.4887478623,-30.6026454432)) ;
#2987=CARTESIAN_POINT('Control Point',(41.1000563135,-57.9370484298,-30.3902874907)) ;
#2988=CARTESIAN_POINT('Control Point',(41.3222431961,-57.6221580816,-30.2666495601)) ;
#2989=CARTESIAN_POINT('Control Point',(41.4858690774,-57.2798612065,-30.1301289965)) ;
#2990=CARTESIAN_POINT('Control Point',(41.5873512013,-56.9229255081,-29.985894834)) ;
#2991=CARTESIAN_POINT('Control Point',(38.7505952672,-59.6844873277,-28.8970248564)) ;
#2992=CARTESIAN_POINT('Control Point',(39.1446909859,-59.6768907583,-28.9171768315)) ;
#2993=CARTESIAN_POINT('Control Point',(39.5387888679,-59.6058926941,-28.9203304291)) ;
#2994=CARTESIAN_POINT('Control Point',(39.9186861652,-59.4717191194,-28.9057553475)) ;
#2995=CARTESIAN_POINT('Control Point',(40.6217635798,-59.0870155373,-28.8422765361)) ;
#2996=CARTESIAN_POINT('Control Point',(41.1665623046,-58.5045530505,-28.7170914547)) ;
#2997=CARTESIAN_POINT('Control Point',(41.3881237272,-58.1725492169,-28.6407875356)) ;
#2998=CARTESIAN_POINT('Control Point',(41.5505870056,-57.8121338779,-28.5536511656)) ;
#2999=CARTESIAN_POINT('Control Point',(41.6504000684,-57.4368320051,-28.4591293003)) ;
#3000=CARTESIAN_POINT('Control Point',(38.8664673416,-59.9999984079,-26.9459354243)) ;
#3001=CARTESIAN_POINT('Control Point',(39.262647609,-59.9945819758,-26.9776505402)) ;
#3002=CARTESIAN_POINT('Control Point',(39.6588301451,-59.9234002859,-27.0006585728)) ;
#3003=CARTESIAN_POINT('Control Point',(40.0405287399,-59.7866052467,-27.0138003194)) ;
#3004=CARTESIAN_POINT('Control Point',(40.7460795249,-59.392148267,-27.0194010642)) ;
#3005=CARTESIAN_POINT('Control Point',(41.2903680407,-58.7924527716,-26.9848458939)) ;
#3006=CARTESIAN_POINT('Control Point',(41.5107444769,-58.4503429931,-26.9578164472)) ;
#3007=CARTESIAN_POINT('Control Point',(41.6710116329,-58.0789118757,-26.9220977354)) ;
#3008=CARTESIAN_POINT('Control Point',(41.7676794956,-57.6923063805,-26.8792998653)) ;
#3009=CARTESIAN_POINT('Control Point',(39.029285964,-60.0000010262,-25.0000091563)) ;
#3010=CARTESIAN_POINT('Control Point',(39.4284868832,-60.0000009587,-25.0417614393)) ;
#3011=CARTESIAN_POINT('Control Point',(39.8276902357,-59.932882042,-25.083513935)) ;
#3012=CARTESIAN_POINT('Control Point',(40.2119959815,-59.7985908039,-25.1237082534)) ;
#3013=CARTESIAN_POINT('Control Point',(40.9211129893,-59.4060467902,-25.1978743057)) ;
#3014=CARTESIAN_POINT('Control Point',(41.4646319221,-58.8028933626,-25.2547203825)) ;
#3015=CARTESIAN_POINT('Control Point',(41.6832754972,-58.4579111928,-25.2775880215)) ;
#3016=CARTESIAN_POINT('Control Point',(41.8403523217,-58.0828531522,-25.2940163971)) ;
#3017=CARTESIAN_POINT('Control Point',(41.9324756718,-57.6923085276,-25.303651302)) ;
#3019=CARTESIAN_POINT('Control Point',(39.029285964,-60.0000010262,-25.0000091563)) ;
#3020=CARTESIAN_POINT('Control Point',(40.027288262,-60.0000008575,-25.1043898639)) ;
#3021=CARTESIAN_POINT('Control Point',(41.032583759,-59.5478165148,-25.2095330825)) ;
#3022=CARTESIAN_POINT('Control Point',(41.7021672966,-58.6686700892,-25.2795640396)) ;
#3023=CARTESIAN_POINT('Control Point',(41.9324756718,-57.6923085276,-25.303651302)) ;
#3024=CARTESIAN_POINT('Vertex',(41.9324766281,-57.6923076923,-25.3036437247)) ;
#3028=CARTESIAN_POINT('Control Point',(42.9466055943,-45.5465672269,-37.4493919001)) ;
#3029=CARTESIAN_POINT('Control Point',(42.7643107673,-46.5189327927,-37.4493911589)) ;
#3030=CARTESIAN_POINT('Control Point',(42.5917113777,-47.4927298058,-37.3520842911)) ;
#3031=CARTESIAN_POINT('Control Point',(42.4312633716,-48.4553712561,-37.1568987639)) ;
#3032=CARTESIAN_POINT('Control Point',(42.0984718015,-50.5947446304,-36.4927305744)) ;
#3033=CARTESIAN_POINT('Control Point',(41.850917702,-52.5434559909,-35.3517214149)) ;
#3034=CARTESIAN_POINT('Control Point',(41.7429166012,-53.5507570249,-34.5703181318)) ;
#3035=CARTESIAN_POINT('Control Point',(41.594988336,-55.3409675381,-32.7606877236)) ;
#3036=CARTESIAN_POINT('Control Point',(41.5871249688,-56.6117480334,-30.5482223625)) ;
#3037=CARTESIAN_POINT('Control Point',(41.6192613836,-57.098172929,-29.3659119743)) ;
#3038=CARTESIAN_POINT('Control Point',(41.7035531006,-57.5070716052,-27.8250705412)) ;
#3039=CARTESIAN_POINT('Control Point',(41.838913046,-57.6613134462,-26.2538607642)) ;
#3040=CARTESIAN_POINT('Control Point',(41.8681441565,-57.6819834249,-25.9372669861)) ;
#3041=CARTESIAN_POINT('Control Point',(41.8993494194,-57.692308096,-25.6203778986)) ;
#3042=CARTESIAN_POINT('Control Point',(41.9324756718,-57.6923085276,-25.303651302)) ;
#3051=CARTESIAN_POINT('Axis2P3D Location',(-200.,-57.,-1.42108547152E-014)) ;
#3056=CARTESIAN_POINT('Axis2P3D Location',(-200.,-57.6923076923,-1.42108547152E-014)) ;
#3060=CARTESIAN_POINT('Vertex',(43.2521240777,-57.6923229873,8.49986747653E-013)) ;
#3063=CARTESIAN_POINT('Axis2P3D Location',(-200.,-57.6923076923,-1.42108547152E-014)) ;
#3067=CARTESIAN_POINT('Vertex',(42.4083784628,-57.6923083667,20.2429149665)) ;
#3070=CARTESIAN_POINT('Axis2P3D Location',(39.4994780788,-57.,20.)) ;
#3085=CARTESIAN_POINT('Control Point',(39.4994780787,-60.0000000001,20.0000000005)) ;
#3086=CARTESIAN_POINT('Control Point',(40.2994505096,-60.0000000001,20.0668036893)) ;
#3087=CARTESIAN_POINT('Control Point',(41.0994229405,-59.7314922405,20.133607378)) ;
#3088=CARTESIAN_POINT('Control Point',(41.7788064546,-59.1925229337,20.1903409891)) ;
#3089=CARTESIAN_POINT('Control Point',(42.2237695997,-58.4733969776,20.227498744)) ;
#3090=CARTESIAN_POINT('Control Point',(42.4083786222,-57.6923076924,20.2429149798)) ;
#3091=CARTESIAN_POINT('Control Point',(39.1499080943,-59.9999999934,24.5255042642)) ;
#3092=CARTESIAN_POINT('Control Point',(39.944869773,-59.9924419841,24.5844290193)) ;
#3093=CARTESIAN_POINT('Control Point',(40.7398314518,-59.7201552199,24.6129754489)) ;
#3094=CARTESIAN_POINT('Control Point',(41.4166905956,-59.1824018779,24.6021846657)) ;
#3095=CARTESIAN_POINT('Control Point',(41.8637816539,-58.467900408,24.5540102258)) ;
#3096=CARTESIAN_POINT('Control Point',(42.0545628484,-57.6923076869,24.4798496581)) ;
#3097=CARTESIAN_POINT('Control Point',(38.8488209072,-59.3599950487,29.0551023633)) ;
#3098=CARTESIAN_POINT('Control Point',(39.6395443537,-59.3470983811,29.1041445891)) ;
#3099=CARTESIAN_POINT('Control Point',(40.4302678002,-59.0769957418,29.093471123)) ;
#3100=CARTESIAN_POINT('Control Point',(41.1049761479,-58.549807321,29.0154941036)) ;
#3101=CARTESIAN_POINT('Control Point',(41.5538317458,-57.8513116345,28.8831151293)) ;
#3102=CARTESIAN_POINT('Control Point',(41.7498187338,-57.0931127491,28.720616568)) ;
#3103=CARTESIAN_POINT('Control Point',(38.60614764,-58.0776317957,33.4671873572)) ;
#3104=CARTESIAN_POINT('Control Point',(39.3935016394,-58.0623677646,33.5051685364)) ;
#3105=CARTESIAN_POINT('Control Point',(40.1808556389,-57.8007785563,33.4556460592)) ;
#3106=CARTESIAN_POINT('Control Point',(40.8538447735,-57.2934022857,33.3125223943)) ;
#3107=CARTESIAN_POINT('Control Point',(41.304081854,-56.6218932482,33.0989798805)) ;
#3108=CARTESIAN_POINT('Control Point',(41.5041980211,-55.8925199175,32.8513642184)) ;
#3109=CARTESIAN_POINT('Control Point',(38.2786271864,-54.5748700339,41.1906033039)) ;
#3110=CARTESIAN_POINT('Control Point',(39.0614627191,-54.5611295127,41.2082114076)) ;
#3111=CARTESIAN_POINT('Control Point',(39.8442982518,-54.32672359,41.0902611775)) ;
#3112=CARTESIAN_POINT('Control Point',(40.5149760202,-53.8721503506,40.8333387924)) ;
#3113=CARTESIAN_POINT('Control Point',(40.9670521714,-53.2695007734,40.4783126576)) ;
#3114=CARTESIAN_POINT('Control Point',(41.1726995772,-52.6131118962,40.0822959978)) ;
#3115=CARTESIAN_POINT('Control Point',(38.1869275396,-49.2221025849,47.7234213126)) ;
#3116=CARTESIAN_POINT('Control Point',(38.9685126631,-49.2194092196,47.7243386378)) ;
#3117=CARTESIAN_POINT('Control Point',(39.7500977867,-49.0308378872,47.5488537369)) ;
#3118=CARTESIAN_POINT('Control Point',(40.4201329461,-48.6555424593,47.1956709345)) ;
#3119=CARTESIAN_POINT('Control Point',(40.8727111774,-48.1528287675,46.7206241992)) ;
#3120=CARTESIAN_POINT('Control Point',(41.0798861772,-47.6016650659,46.1985469456)) ;
#3121=CARTESIAN_POINT('Control Point',(38.19647906,-46.4117123469,50.4108936289)) ;
#3122=CARTESIAN_POINT('Control Point',(38.9781944531,-46.4158732671,50.4055438815)) ;
#3123=CARTESIAN_POINT('Control Point',(39.7599098462,-46.2518860296,50.2066932898)) ;
#3124=CARTESIAN_POINT('Control Point',(40.4300119464,-45.9180468272,49.8138234161)) ;
#3125=CARTESIAN_POINT('Control Point',(40.8825378554,-45.4671645711,49.2890378373)) ;
#3126=CARTESIAN_POINT('Control Point',(41.0895537042,-44.9704800225,48.714652244)) ;
#3127=CARTESIAN_POINT('Control Point',(38.3236051835,-39.9136400505,55.2726742353)) ;
#3128=CARTESIAN_POINT('Control Point',(39.107057206,-39.9347183087,55.2581526416)) ;
#3129=CARTESIAN_POINT('Control Point',(39.8905092285,-39.8281245003,55.0180962051)) ;
#3130=CARTESIAN_POINT('Control Point',(40.5615031751,-39.5899930758,54.5530822144)) ;
#3131=CARTESIAN_POINT('Control Point',(41.0133302924,-39.2582992192,53.9370051989)) ;
#3132=CARTESIAN_POINT('Control Point',(41.2182238702,-38.8867577655,53.2664209267)) ;
#3133=CARTESIAN_POINT('Control Point',(38.6635375317,-32.4387168945,58.3658380325)) ;
#3134=CARTESIAN_POINT('Control Point',(39.4516893624,-32.4792534845,58.3511695952)) ;
#3135=CARTESIAN_POINT('Control Point',(40.2398411931,-32.4387765566,58.0876986664)) ;
#3136=CARTESIAN_POINT('Control Point',(40.913237208,-32.3108437712,57.5758592853)) ;
#3137=CARTESIAN_POINT('Control Point',(41.3631467125,-32.1162347472,56.8982461096)) ;
#3138=CARTESIAN_POINT('Control Point',(41.5622849507,-31.8884752408,56.1623481296)) ;
#3139=CARTESIAN_POINT('Control Point',(38.89606097,-28.348881269,59.4558867318)) ;
#3140=CARTESIAN_POINT('Control Point',(39.6874498933,-28.399452509,59.4438368377)) ;
#3141=CARTESIAN_POINT('Control Point',(40.4788388166,-28.394888602,59.1734303357)) ;
#3142=CARTESIAN_POINT('Control Point',(41.1538847726,-28.3273893874,58.6446514143)) ;
#3143=CARTESIAN_POINT('Control Point',(41.6024630707,-28.2081463451,57.9437289421)) ;
#3144=CARTESIAN_POINT('Control Point',(41.7976325591,-28.0594287855,57.1828899156)) ;
#3145=CARTESIAN_POINT('Control Point',(39.17715819,-24.1727267813,60.0000000029)) ;
#3146=CARTESIAN_POINT('Control Point',(39.9725104731,-24.232265715,59.9930311644)) ;
#3147=CARTESIAN_POINT('Control Point',(40.7678627561,-24.2637944107,59.7210389855)) ;
#3148=CARTESIAN_POINT('Control Point',(41.4449186827,-24.2582673618,59.1831908548)) ;
#3149=CARTESIAN_POINT('Control Point',(41.8918438633,-24.2167448339,58.468328891)) ;
#3150=CARTESIAN_POINT('Control Point',(42.0821439171,-24.149567062,57.6923076948)) ;
#3151=CARTESIAN_POINT('Control Point',(39.4994780788,-19.9999999996,60.)) ;
#3152=CARTESIAN_POINT('Control Point',(40.2994505097,-20.0668036886,60.)) ;
#3153=CARTESIAN_POINT('Control Point',(41.0994229405,-20.1336073776,59.7314922404)) ;
#3154=CARTESIAN_POINT('Control Point',(41.7788064546,-20.1903409889,59.1925229336)) ;
#3155=CARTESIAN_POINT('Control Point',(42.2237695997,-20.2274987438,58.4733969775)) ;
#3156=CARTESIAN_POINT('Control Point',(42.4083786222,-20.2429149797,57.6923076923)) ;
#3158=CARTESIAN_POINT('Control Point',(39.4994780788,-19.9999999996,60.)) ;
#3159=CARTESIAN_POINT('Control Point',(40.4994436174,-20.0835046108,60.)) ;
#3160=CARTESIAN_POINT('Control Point',(41.506716705,-20.1676194571,59.54781575)) ;
#3161=CARTESIAN_POINT('Control Point',(42.1776173441,-20.2236446848,58.6686692988)) ;
#3162=CARTESIAN_POINT('Control Point',(42.4083786222,-20.2429149797,57.6923076923)) ;
#3163=CARTESIAN_POINT('Vertex',(42.4083786222,-20.2429149797,57.6923076923)) ;
#3167=CARTESIAN_POINT('Control Point',(42.4083779575,-57.6923076924,20.2429229399)) ;
#3168=CARTESIAN_POINT('Control Point',(42.4052259237,-57.6923076843,20.2806684698)) ;
#3169=CARTESIAN_POINT('Control Point',(42.4020777846,-57.6922601213,20.3184143027)) ;
#3170=CARTESIAN_POINT('Control Point',(42.3989335473,-57.6921650017,20.3561603586)) ;
#3171=CARTESIAN_POINT('Control Point',(42.0464318841,-57.6761494698,24.5931685199)) ;
#3172=CARTESIAN_POINT('Control Point',(41.7432698115,-57.0608885199,28.8309663731)) ;
#3173=CARTESIAN_POINT('Control Point',(41.5010137956,-55.860924565,32.9209160993)) ;
#3174=CARTESIAN_POINT('Control Point',(41.1722530338,-52.5890012216,40.1117221023)) ;
#3175=CARTESIAN_POINT('Control Point',(41.0798861831,-47.6016650635,46.1985468761)) ;
#3176=CARTESIAN_POINT('Control Point',(41.0895537037,-44.9704800318,48.7146522393)) ;
#3177=CARTESIAN_POINT('Control Point',(41.2176468954,-38.9140380326,53.2460101526)) ;
#3178=CARTESIAN_POINT('Control Point',(41.5592036434,-31.9512194538,56.136343329)) ;
#3179=CARTESIAN_POINT('Control Point',(41.7915918069,-28.1578717975,57.1565334115)) ;
#3180=CARTESIAN_POINT('Control Point',(42.0748372829,-24.2501087324,57.679093041)) ;
#3181=CARTESIAN_POINT('Control Point',(42.3999971875,-20.3433933246,57.6921953629)) ;
#3182=CARTESIAN_POINT('Control Point',(42.4027878289,-20.3099015474,57.6922702463)) ;
#3183=CARTESIAN_POINT('Control Point',(42.4055815414,-20.2764099533,57.6923076891)) ;
#3184=CARTESIAN_POINT('Control Point',(42.4083783203,-20.2429185952,57.6923076923)) ;
#3193=CARTESIAN_POINT('Axis2P3D Location',(-200.,0.,57.)) ;
#3198=CARTESIAN_POINT('Axis2P3D Location',(-200.,0.,57.6923076923)) ;
#3202=CARTESIAN_POINT('Vertex',(43.2521277053,0.,57.6923076923)) ;
#3205=CARTESIAN_POINT('Axis2P3D Location',(-200.,0.,57.6923076923)) ;
#3219=CARTESIAN_POINT('Axis2P3D Location',(-200.,-1.42108547152E-014,-37.)) ;
#3224=CARTESIAN_POINT('Axis2P3D Location',(41.6919527001,35.,-37.)) ;
#3228=CARTESIAN_POINT('Vertex',(44.6274832917,35.425096304,-37.4493921211)) ;
#3231=CARTESIAN_POINT('Axis2P3D Location',(-200.,-1.42108547152E-014,-37.4493927126)) ;
#3244=CARTESIAN_POINT('Control Point',(40.1978365292,20.0000001791,-54.9999936254)) ;
#3245=CARTESIAN_POINT('Control Point',(40.637044331,20.000000091,-55.1005625175)) ;
#3246=CARTESIAN_POINT('Control Point',(41.0762574624,19.9154253025,-55.2011325952)) ;
#3247=CARTESIAN_POINT('Control Point',(41.4948072238,19.7461693236,-55.2969711825)) ;
#3248=CARTESIAN_POINT('Control Point',(42.2494658907,19.2549337083,-55.4697711579)) ;
#3249=CARTESIAN_POINT('Control Point',(42.7791133869,18.5163896689,-55.5910484402)) ;
#3250=CARTESIAN_POINT('Control Point',(42.9725152767,18.0996750188,-55.6353330328)) ;
#3251=CARTESIAN_POINT('Control Point',(43.0849901961,17.655984227,-55.6610871244)) ;
#3252=CARTESIAN_POINT('Control Point',(43.1152191602,17.2064779586,-55.6680087051)) ;
#3253=CARTESIAN_POINT('Control Point',(40.7181484212,20.000000304,-53.1063910921)) ;
#3254=CARTESIAN_POINT('Control Point',(41.15092158,19.9873043971,-53.1971895523)) ;
#3255=CARTESIAN_POINT('Control Point',(41.5836993954,19.8932058318,-53.2773122198)) ;
#3256=CARTESIAN_POINT('Control Point',(41.9968936366,19.7182074619,-53.342650829)) ;
#3257=CARTESIAN_POINT('Control Point',(42.7451331516,19.2229624623,-53.4377111189)) ;
#3258=CARTESIAN_POINT('Control Point',(43.2792726108,18.4929370974,-53.4567775272)) ;
#3259=CARTESIAN_POINT('Control Point',(43.4782466924,18.0830266823,-53.4460783688)) ;
#3260=CARTESIAN_POINT('Control Point',(43.5997183518,17.6475513087,-53.4157561652)) ;
#3261=CARTESIAN_POINT('Control Point',(43.6418506296,17.2064780772,-53.3680865444)) ;
#3262=CARTESIAN_POINT('Control Point',(41.187957133,20.2987609728,-51.2013447261)) ;
#3263=CARTESIAN_POINT('Control Point',(41.6152424667,20.2763717873,-51.2789058407)) ;
#3264=CARTESIAN_POINT('Control Point',(42.0425319408,20.1770720457,-51.3360497845)) ;
#3265=CARTESIAN_POINT('Control Point',(42.4511546981,20.0017758617,-51.3693960988)) ;
#3266=CARTESIAN_POINT('Control Point',(43.1938978272,19.5151415677,-51.3856202701)) ;
#3267=CARTESIAN_POINT('Control Point',(43.7318848583,18.8086887831,-51.3042605969)) ;
#3268=CARTESIAN_POINT('Control Point',(43.9356442716,18.413459349,-51.2399707018)) ;
#3269=CARTESIAN_POINT('Control Point',(44.0648821763,17.9941665282,-51.1551235266)) ;
#3270=CARTESIAN_POINT('Control Point',(44.1173655165,17.5693454852,-51.0542641893)) ;
#3271=CARTESIAN_POINT('Control Point',(41.5895151166,20.9036951297,-49.3466584625)) ;
#3272=CARTESIAN_POINT('Control Point',(42.0123191006,20.8760169717,-49.408718987)) ;
#3273=CARTESIAN_POINT('Control Point',(42.4351268374,20.7768768434,-49.4416978655)) ;
#3274=CARTESIAN_POINT('Control Point',(42.8400140645,20.6073759659,-49.4429587587)) ;
#3275=CARTESIAN_POINT('Control Point',(43.5782553476,20.1425630823,-49.3820462215)) ;
#3276=CARTESIAN_POINT('Control Point',(44.1193970563,19.474214282,-49.2047498125)) ;
#3277=CARTESIAN_POINT('Control Point',(44.3270871807,19.1010771783,-49.089568478)) ;
#3278=CARTESIAN_POINT('Control Point',(44.4627300151,18.7053759074,-48.9530168637)) ;
#3279=CARTESIAN_POINT('Control Point',(44.5238007275,18.3040830003,-48.8016099772)) ;
#3280=CARTESIAN_POINT('Control Point',(42.36470744,23.1022508533,-45.1060678126)) ;
#3281=CARTESIAN_POINT('Control Point',(42.7790785045,23.0738343153,-45.1297693992)) ;
#3282=CARTESIAN_POINT('Control Point',(43.1934526283,22.9888942379,-45.1055835638)) ;
#3283=CARTESIAN_POINT('Control Point',(43.5913077768,22.8485074786,-45.0325648989)) ;
#3284=CARTESIAN_POINT('Control Point',(44.3210631472,22.4683711467,-44.7950922493)) ;
#3285=CARTESIAN_POINT('Control Point',(44.8681554904,21.9261371535,-44.4005384824)) ;
#3286=CARTESIAN_POINT('Control Point',(45.0832675404,21.6235825258,-44.1703685713)) ;
#3287=CARTESIAN_POINT('Control Point',(45.231031587,21.3020093941,-43.9169710659)) ;
#3288=CARTESIAN_POINT('Control Point',(45.3084083368,20.9743939705,-43.6510937736)) ;
#3289=CARTESIAN_POINT('Control Point',(42.5804531372,26.8212584867,-41.944483065)) ;
#3290=CARTESIAN_POINT('Control Point',(42.9926803221,26.8182177082,-41.9389518123)) ;
#3291=CARTESIAN_POINT('Control Point',(43.4049104228,26.7768828328,-41.8720467093)) ;
#3292=CARTESIAN_POINT('Control Point',(43.800975375,26.6973236402,-41.7439302644)) ;
#3293=CARTESIAN_POINT('Control Point',(44.5285599324,26.4681790573,-41.3756987064)) ;
#3294=CARTESIAN_POINT('Control Point',(45.0771789627,26.1215368955,-40.8198549363)) ;
#3295=CARTESIAN_POINT('Control Point',(45.2942019875,25.9244301663,-40.5040462787)) ;
#3296=CARTESIAN_POINT('Control Point',(45.4451127927,25.7115181279,-40.1631931692)) ;
#3297=CARTESIAN_POINT('Control Point',(45.5267744351,25.4914067484,-39.8111140984)) ;
#3298=CARTESIAN_POINT('Control Point',(42.4832505784,29.4373589371,-40.6376286696)) ;
#3299=CARTESIAN_POINT('Control Point',(42.8964582766,29.456848049,-40.623508597)) ;
#3300=CARTESIAN_POINT('Control Point',(43.3096689594,29.4495857057,-40.5415598965)) ;
#3301=CARTESIAN_POINT('Control Point',(43.7065524396,29.4148102205,-40.3922679977)) ;
#3302=CARTESIAN_POINT('Control Point',(44.4351285929,29.2932119027,-39.9711803337)) ;
#3303=CARTESIAN_POINT('Control Point',(44.983050311,29.0810884238,-39.3464125533)) ;
#3304=CARTESIAN_POINT('Control Point',(45.1992012032,28.9557480136,-38.9933528351)) ;
#3305=CARTESIAN_POINT('Control Point',(45.3486780901,28.8163616695,-38.6140354616)) ;
#3306=CARTESIAN_POINT('Control Point',(45.4283912703,28.6688564471,-38.2238403455)) ;
#3307=CARTESIAN_POINT('Control Point',(42.1731601954,32.2308556021,-40.0000018865)) ;
#3308=CARTESIAN_POINT('Control Point',(42.5895658332,32.2733177439,-39.9887275331)) ;
#3309=CARTESIAN_POINT('Control Point',(43.0059746888,32.3018145548,-39.9046208195)) ;
#3310=CARTESIAN_POINT('Control Point',(43.4055270621,32.3146410803,-39.7480882508)) ;
#3311=CARTESIAN_POINT('Control Point',(44.1373332234,32.3080308235,-39.3033594697)) ;
#3312=CARTESIAN_POINT('Control Point',(44.6829866885,32.2403662445,-38.6403488914)) ;
#3313=CARTESIAN_POINT('Control Point',(44.8963022813,32.1921095999,-38.2654359456)) ;
#3314=CARTESIAN_POINT('Control Point',(45.0411259769,32.1315898928,-37.8628689436)) ;
#3315=CARTESIAN_POINT('Control Point',(45.114534612,32.0617681741,-37.4493950356)) ;
#3316=CARTESIAN_POINT('Control Point',(41.6919535028,34.9999958168,-39.9999996098)) ;
#3317=CARTESIAN_POINT('Control Point',(42.1136842837,35.0610676389,-39.9999995705)) ;
#3318=CARTESIAN_POINT('Control Point',(42.5354187362,35.1221399712,-39.9243499347)) ;
#3319=CARTESIAN_POINT('Control Point',(42.9394105223,35.1806429249,-39.7729743087)) ;
#3320=CARTESIAN_POINT('Control Point',(43.676569039,35.2873924507,-39.3320209961)) ;
#3321=CARTESIAN_POINT('Control Point',(44.2184707737,35.3658663194,-38.6616313021)) ;
#3322=CARTESIAN_POINT('Control Point',(44.4271103086,35.3960797908,-38.2807071138)) ;
#3323=CARTESIAN_POINT('Control Point',(44.5643090201,35.415947741,-37.8707139017)) ;
#3324=CARTESIAN_POINT('Control Point',(44.6274833019,35.4250960369,-37.4493922324)) ;
#3326=CARTESIAN_POINT('Control Point',(40.1978365292,20.0000001791,-54.9999936254)) ;
#3327=CARTESIAN_POINT('Control Point',(41.0762521329,20.000000003,-55.2011314096)) ;
#3328=CARTESIAN_POINT('Control Point',(41.9553000099,19.6624731319,-55.4024138317)) ;
#3329=CARTESIAN_POINT('Control Point',(42.6660282769,18.9819195475,-55.5651546375)) ;
#3330=CARTESIAN_POINT('Control Point',(43.054761232,18.1054904954,-55.6541655436)) ;
#3331=CARTESIAN_POINT('Control Point',(43.1152191602,17.2064779586,-55.6680087051)) ;
#3332=CARTESIAN_POINT('Vertex',(43.1152177397,17.2064777544,-55.6680161911)) ;
#3336=CARTESIAN_POINT('Control Point',(43.1152191602,17.2064779586,-55.6680087051)) ;
#3337=CARTESIAN_POINT('Control Point',(43.2922203741,17.2064779985,-54.8950032202)) ;
#3338=CARTESIAN_POINT('Control Point',(43.4634476014,17.2474757714,-54.1204213846)) ;
#3339=CARTESIAN_POINT('Control Point',(43.6282139783,17.3298060036,-53.3471415544)) ;
#3340=CARTESIAN_POINT('Control Point',(44.0972514723,17.6978502945,-51.059123015)) ;
#3341=CARTESIAN_POINT('Control Point',(44.4977537872,18.4293473111,-48.8356690895)) ;
#3342=CARTESIAN_POINT('Control Point',(44.7286614895,19.0727717474,-47.4112520659)) ;
#3343=CARTESIAN_POINT('Control Point',(45.1096443131,20.6483264774,-44.7324076875)) ;
#3344=CARTESIAN_POINT('Control Point',(45.326023369,22.7605965371,-42.4346669098)) ;
#3345=CARTESIAN_POINT('Control Point',(45.3902916013,23.928076649,-41.4083544708)) ;
#3346=CARTESIAN_POINT('Control Point',(45.430306525,26.4678145139,-39.6157959839)) ;
#3347=CARTESIAN_POINT('Control Point',(45.2947061114,29.3215524025,-38.3974865855)) ;
#3348=CARTESIAN_POINT('Control Point',(45.1832923723,30.8071016434,-37.9431373017)) ;
#3349=CARTESIAN_POINT('Control Point',(44.9990808824,32.637566484,-37.5894824445)) ;
#3350=CARTESIAN_POINT('Control Point',(44.7596558887,34.4800774616,-37.4698150135)) ;
#3351=CARTESIAN_POINT('Control Point',(44.7171405386,34.7952100052,-37.4561926201)) ;
#3352=CARTESIAN_POINT('Control Point',(44.673072103,35.1102830351,-37.4493924948)) ;
#3353=CARTESIAN_POINT('Control Point',(44.6274833019,35.4250960369,-37.4493922324)) ;
#3362=CARTESIAN_POINT('Axis2P3D Location',(-200.,17.,-3.2684965845E-012)) ;
#3367=CARTESIAN_POINT('Axis2P3D Location',(37.6867686683,17.,-65.)) ;
#3371=CARTESIAN_POINT('Vertex',(40.5736493869,17.2064827157,-65.7894837586)) ;
#3374=CARTESIAN_POINT('Axis2P3D Location',(-200.,17.2064777328,-3.2684965845E-012)) ;
#3387=CARTESIAN_POINT('Control Point',(37.6867657728,20.0000007181,-65.0000097349)) ;
#3388=CARTESIAN_POINT('Control Point',(38.1213820352,20.0000006562,-65.1188638112)) ;
#3389=CARTESIAN_POINT('Control Point',(38.5560035715,19.9154258813,-65.2377192771)) ;
#3390=CARTESIAN_POINT('Control Point',(38.9701777536,19.7461699024,-65.3509829728)) ;
#3391=CARTESIAN_POINT('Control Point',(39.7169471033,19.2549342609,-65.5552009376)) ;
#3392=CARTESIAN_POINT('Control Point',(40.2410575629,18.5163901528,-65.6985284438)) ;
#3393=CARTESIAN_POINT('Control Point',(40.4324375832,18.0996754602,-65.7508646883)) ;
#3394=CARTESIAN_POINT('Control Point',(40.5437366498,17.6559846215,-65.7813012574)) ;
#3395=CARTESIAN_POINT('Control Point',(40.5736495679,17.206478306,-65.789481234)) ;
#3396=CARTESIAN_POINT('Control Point',(37.1595175936,19.9999995146,-67.4100118691)) ;
#3397=CARTESIAN_POINT('Control Point',(37.5821764583,19.9809035174,-67.5243907187)) ;
#3398=CARTESIAN_POINT('Control Point',(38.0048395663,19.8820039237,-67.6251823143)) ;
#3399=CARTESIAN_POINT('Control Point',(38.4087744552,19.7041107639,-67.7073035159)) ;
#3400=CARTESIAN_POINT('Control Point',(39.1418999799,19.2068446142,-67.8267941916)) ;
#3401=CARTESIAN_POINT('Control Point',(39.6698259746,18.4811136279,-67.8510522011)) ;
#3402=CARTESIAN_POINT('Control Point',(39.8684515056,18.0746333117,-67.8378869373)) ;
#3403=CARTESIAN_POINT('Control Point',(39.9925317004,17.6432994277,-67.8002237189)) ;
#3404=CARTESIAN_POINT('Control Point',(40.0399975646,17.2064773875,-67.7409001888)) ;
#3405=CARTESIAN_POINT('Control Point',(36.6385602013,19.5161396266,-69.8218198617)) ;
#3406=CARTESIAN_POINT('Control Point',(37.0503515119,19.4797121115,-69.9244277749)) ;
#3407=CARTESIAN_POINT('Control Point',(37.4621462737,19.3707647981,-70.0017624539)) ;
#3408=CARTESIAN_POINT('Control Point',(37.8567469037,19.1908140136,-70.0495588006)) ;
#3409=CARTESIAN_POINT('Control Point',(38.5773083485,18.7045596212,-70.082209703)) ;
#3410=CARTESIAN_POINT('Control Point',(39.1084354433,18.0147581552,-69.9922466124)) ;
#3411=CARTESIAN_POINT('Control Point',(39.3135117473,17.631164621,-69.9173679068)) ;
#3412=CARTESIAN_POINT('Control Point',(39.4491533736,17.2254477074,-69.8160899578)) ;
#3413=CARTESIAN_POINT('Control Point',(39.5127127531,16.8146876458,-69.6937819507)) ;
#3414=CARTESIAN_POINT('Control Point',(36.1513901743,18.5460138612,-72.1100760815)) ;
#3415=CARTESIAN_POINT('Control Point',(36.5538175356,18.4979257493,-72.1949248867)) ;
#3416=CARTESIAN_POINT('Control Point',(36.9562477702,18.3861012692,-72.2452771607)) ;
#3417=CARTESIAN_POINT('Control Point',(37.34278177,18.2124017406,-72.2578059875)) ;
#3418=CARTESIAN_POINT('Control Point',(38.0523783728,17.755419806,-72.2064145043)) ;
#3419=CARTESIAN_POINT('Control Point',(38.5860311441,17.1221766474,-72.0124783016)) ;
#3420=CARTESIAN_POINT('Control Point',(38.7965459883,16.7721414531,-71.8823998717)) ;
#3421=CARTESIAN_POINT('Control Point',(38.9420923999,16.4029187166,-71.724708452)) ;
#3422=CARTESIAN_POINT('Control Point',(39.0196256839,16.0291618532,-71.5466194677)) ;
#3423=CARTESIAN_POINT('Control Point',(35.3261850996,15.8063803241,-76.0616763745)) ;
#3424=CARTESIAN_POINT('Control Point',(35.7135966233,15.7505595908,-76.108501283)) ;
#3425=CARTESIAN_POINT('Control Point',(36.1010101932,15.6491127185,-76.107121754)) ;
#3426=CARTESIAN_POINT('Control Point',(36.4745830128,15.5039982957,-76.055890839)) ;
#3427=CARTESIAN_POINT('Control Point',(37.1664461233,15.1370140825,-75.8577374753)) ;
#3428=CARTESIAN_POINT('Control Point',(37.7038921477,14.6467546593,-75.4891021037)) ;
#3429=CARTESIAN_POINT('Control Point',(37.9229936737,14.378323153,-75.2673278625)) ;
#3430=CARTESIAN_POINT('Control Point',(38.0843521543,14.0963373636,-75.0164517442)) ;
#3431=CARTESIAN_POINT('Control Point',(38.1843978727,13.8108334847,-74.7462974541)) ;
#3432=CARTESIAN_POINT('Control Point',(34.8144273198,11.7728243662,-78.6833491369)) ;
#3433=CARTESIAN_POINT('Control Point',(35.1933262874,11.7346667375,-78.6981800594)) ;
#3434=CARTESIAN_POINT('Control Point',(35.5722269284,11.6696601176,-78.6578056948)) ;
#3435=CARTESIAN_POINT('Control Point',(35.9384265611,11.5790476208,-78.5617147251)) ;
#3436=CARTESIAN_POINT('Control Point',(36.620087461,11.3527857041,-78.2648103517)) ;
#3437=CARTESIAN_POINT('Control Point',(37.1594287561,11.0538396587,-77.7847454275)) ;
#3438=CARTESIAN_POINT('Control Point',(37.3832642371,10.8905208468,-77.5054363866)) ;
#3439=CARTESIAN_POINT('Control Point',(37.5535148812,10.7189216728,-77.196549041)) ;
#3440=CARTESIAN_POINT('Control Point',(37.666424414,10.5447977999,-76.8691078624)) ;
#3441=CARTESIAN_POINT('Control Point',(34.6568608867,9.58825129356,-79.5619781159)) ;
#3442=CARTESIAN_POINT('Control Point',(35.0332182467,9.56399382667,-79.565605929)) ;
#3443=CARTESIAN_POINT('Control Point',(35.4095771762,9.52182583592,-79.5118678908)) ;
#3444=CARTESIAN_POINT('Control Point',(35.7735728826,9.46252313529,-79.4006082763)) ;
#3445=CARTESIAN_POINT('Control Point',(36.4521729435,9.31362455221,-79.0705869599)) ;
#3446=CARTESIAN_POINT('Control Point',(36.9920539914,9.11545652127,-78.5534975273)) ;
#3447=CARTESIAN_POINT('Control Point',(37.2172888389,9.00686975194,-78.2551133518)) ;
#3448=CARTESIAN_POINT('Control Point',(37.3901857938,8.89242340169,-77.9269992411)) ;
#3449=CARTESIAN_POINT('Control Point',(37.506944217,8.77591123087,-77.5805493577)) ;
#3450=CARTESIAN_POINT('Control Point',(34.5989289294,7.2930238599,-80.000000466)) ;
#3451=CARTESIAN_POINT('Control Point',(34.9743374643,7.28510021444,-79.9987756023)) ;
#3452=CARTESIAN_POINT('Control Point',(35.3497475284,7.26816611009,-79.9389144898)) ;
#3453=CARTESIAN_POINT('Control Point',(35.7129209393,7.24247702631,-79.8204215392)) ;
#3454=CARTESIAN_POINT('Control Point',(36.3903810946,7.17532834489,-79.4741405357)) ;
#3455=CARTESIAN_POINT('Control Point',(36.9304685261,7.08191890221,-78.9381365418)) ;
#3456=CARTESIAN_POINT('Control Point',(37.1562284094,7.02996118508,-78.629864247)) ;
#3457=CARTESIAN_POINT('Control Point',(37.3301148908,6.97450706871,-78.2916825554)) ;
#3458=CARTESIAN_POINT('Control Point',(37.448308633,6.91742846111,-77.9352230026)) ;
#3459=CARTESIAN_POINT('Control Point',(34.6380193136,5.00000383569,-80.0000009632)) ;
#3460=CARTESIAN_POINT('Control Point',(35.0140655255,5.00801718171,-80.0000011414)) ;
#3461=CARTESIAN_POINT('Control Point',(35.3901132934,5.0160305444,-79.9410588988)) ;
#3462=CARTESIAN_POINT('Control Point',(35.7538394287,5.0237813231,-79.8231379383)) ;
#3463=CARTESIAN_POINT('Control Point',(36.4320661766,5.03823387988,-79.4773112058)) ;
#3464=CARTESIAN_POINT('Control Point',(36.9720157765,5.0497397703,-78.9405444099)) ;
#3465=CARTESIAN_POINT('Control Point',(37.1974232655,5.05454299832,-78.6316260831)) ;
#3466=CARTESIAN_POINT('Control Point',(37.3706449934,5.05823416694,-78.2926114098)) ;
#3467=CARTESIAN_POINT('Control Point',(37.487873799,5.06073215084,-77.9352234535)) ;
#3469=CARTESIAN_POINT('Control Point',(34.6380193136,5.00000383569,-80.0000009632)) ;
#3470=CARTESIAN_POINT('Control Point',(35.5781348434,5.02003720074,-80.0000014087)) ;
#3471=CARTESIAN_POINT('Control Point',(36.5236830386,5.04018622218,-79.6038203918)) ;
#3472=CARTESIAN_POINT('Control Point',(37.1948017849,5.05448719109,-78.8286933443)) ;
#3473=CARTESIAN_POINT('Control Point',(37.487873799,5.06073215084,-77.9352234535)) ;
#3474=CARTESIAN_POINT('Vertex',(37.4878735674,5.06072875081,-77.9352226721)) ;
#3478=CARTESIAN_POINT('Control Point',(40.5736489129,17.206478306,-65.789483629)) ;
#3479=CARTESIAN_POINT('Control Point',(40.4223562917,17.2064779365,-66.3427192407)) ;
#3480=CARTESIAN_POINT('Control Point',(40.2715742933,17.1749776798,-66.8960760761)) ;
#3481=CARTESIAN_POINT('Control Point',(40.1219409122,17.1119498845,-67.4472287362)) ;
#3482=CARTESIAN_POINT('Control Point',(39.6004541386,16.7791847918,-69.3752690342)) ;
#3483=CARTESIAN_POINT('Control Point',(39.1091156812,16.0626931888,-71.2179251832)) ;
#3484=CARTESIAN_POINT('Control Point',(38.7828311017,15.3599846532,-72.4567071924)) ;
#3485=CARTESIAN_POINT('Control Point',(38.2366514588,13.7187199417,-74.5630364131)) ;
#3486=CARTESIAN_POINT('Control Point',(37.8425308691,11.5751847352,-76.1532354069)) ;
#3487=CARTESIAN_POINT('Control Point',(37.6965484271,10.4821117841,-76.764721128)) ;
#3488=CARTESIAN_POINT('Control Point',(37.5402679869,8.74311906152,-77.4628427853)) ;
#3489=CARTESIAN_POINT('Control Point',(37.4811503601,6.91513314956,-77.8168468562)) ;
#3490=CARTESIAN_POINT('Control Point',(37.4724112507,6.29906008571,-77.8957802516)) ;
#3491=CARTESIAN_POINT('Control Point',(37.4746817398,5.67980317166,-77.9352233032)) ;
#3492=CARTESIAN_POINT('Control Point',(37.487873799,5.06073215084,-77.9352234535)) ;
#3501=CARTESIAN_POINT('Axis2P3D Location',(25.,0.,60.)) ;
#3506=CARTESIAN_POINT('Line Origine',(12.5,2.5,63.3493649054)) ;
#3510=CARTESIAN_POINT('Vertex',(7.1054273576E-015,2.5,66.6987298108)) ;
#3513=CARTESIAN_POINT('Line Origine',(7.1054273576E-015,0.,66.6987298108)) ;
#3517=CARTESIAN_POINT('Vertex',(7.1054273576E-015,-2.5,66.6987298108)) ;
#3520=CARTESIAN_POINT('Line Origine',(12.5,-2.5,63.3493649054)) ;
#3532=CARTESIAN_POINT('Axis2P3D Location',(0.,-2.5,0.)) ;
#3537=CARTESIAN_POINT('Line Origine',(0.,-2.5,64.8493649054)) ;
#3549=CARTESIAN_POINT('Axis2P3D Location',(0.,2.5,0.)) ;
#3554=CARTESIAN_POINT('Line Origine',(0.,2.5,64.8493649054)) ;
#3566=CARTESIAN_POINT('Axis2P3D Location',(-200.,0.,0.)) ;
#3571=CARTESIAN_POINT('Axis2P3D Location',(-200.,0.,0.)) ;
#3575=CARTESIAN_POINT('Vertex',(45.,0.,0.)) ;
#3578=CARTESIAN_POINT('Axis2P3D Location',(-200.,0.,0.)) ;
#3582=CARTESIAN_POINT('Vertex',(38.7467277263,-4.26325641456E-014,55.)) ;
#3586=CARTESIAN_POINT('Control Point',(38.7467277263,0.,55.)) ;
#3587=CARTESIAN_POINT('Control Point',(38.7467277263,6.67448870517,55.)) ;
#3588=CARTESIAN_POINT('Control Point',(38.4666722034,13.3489717847,55.)) ;
#3589=CARTESIAN_POINT('Control Point',(37.9075450674,20.,55.)) ;
#3599=CARTESIAN_POINT('Axis2P3D Location',(-200.,0.,0.)) ;
#3604=CARTESIAN_POINT('Axis2P3D Location',(-200.,0.,0.)) ;
#3608=CARTESIAN_POINT('Vertex',(50.,3.5527136788E-015,0.)) ;
#3611=CARTESIAN_POINT('Axis2P3D Location',(-200.,0.,0.)) ;
#3624=CARTESIAN_POINT('Axis2P3D Location',(-200.,0.,0.)) ;
#3637=CARTESIAN_POINT('Axis2P3D Location',(-200.,0.,0.)) ;
#3641=CARTESIAN_POINT('Vertex',(37.5417880438,0.,-77.9352226721)) ;
#3644=CARTESIAN_POINT('Axis2P3D Location',(-200.,0.,-77.9352226721)) ;
#3661=CARTESIAN_POINT('Axis2P3D Location',(-200.,0.,-77.9352226721)) ;
#3678=CARTESIAN_POINT('Axis2P3D Location',(-200.,0.,-77.)) ;
#3683=CARTESIAN_POINT('Axis2P3D Location',(-200.,0.,-80.)) ;
#3687=CARTESIAN_POINT('Vertex',(34.6912865873,-8.881784197E-014,-80.)) ;
#3690=CARTESIAN_POINT('Axis2P3D Location',(34.6912865873,-1.7763568394E-014,-77.)) ;
#3702=CARTESIAN_POINT('Axis2P3D Location',(-200.,-5.68434188608E-014,-77.)) ;
#3707=CARTESIAN_POINT('Axis2P3D Location',(-200.,-5.68434188608E-014,-80.)) ;
#3719=CARTESIAN_POINT('Axis2P3D Location',(0.,20.,-80.)) ;
#3724=CARTESIAN_POINT('Line Origine',(3.,-5.3290705182E-015,-80.)) ;
#3737=CARTESIAN_POINT('Axis2P3D Location',(3.,-2.84217094304E-014,-83.)) ;
#3742=CARTESIAN_POINT('Line Origine',(0.,-2.84217094304E-014,-83.)) ;
#3754=CARTESIAN_POINT('Axis2P3D Location',(0.,-158.232086182,0.)) ;
#3759=CARTESIAN_POINT('Axis2P3D Location',(0.,-2.84217094304E-014,-65.)) ;
#3827=CARTESIAN_POINT('Axis2P3D Location',(0.,-2.84217094304E-014,-65.)) ;
#3832=CARTESIAN_POINT('Axis2P3D Location',(-5.,-2.84217094304E-014,-65.)) ;
#3844=CARTESIAN_POINT('Axis2P3D Location',(-5.,-158.232086182,0.)) ;
#3865=CARTESIAN_POINT('Line Origine',(-5.,0.,-75.)) ;
#3870=CARTESIAN_POINT('Line Origine',(-5.,0.,55.)) ;
#3910=CARTESIAN_POINT('Axis2P3D Location',(0.,20.,-75.)) ;
#3916=CARTESIAN_POINT('Control Point',(33.2380757938,8.881784197E-016,-75.)) ;
#3917=CARTESIAN_POINT('Control Point',(33.2380757938,-1.6667794938,-75.)) ;
#3918=CARTESIAN_POINT('Control Point',(33.2202076178,-3.33360354182,-75.)) ;
#3919=CARTESIAN_POINT('Control Point',(33.1844763272,-5.,-75.)) ;
#3920=CARTESIAN_POINT('Vertex',(33.2380757938,0.,-75.)) ;
#3924=CARTESIAN_POINT('Control Point',(33.2380757938,-3.10862446895E-015,-75.)) ;
#3925=CARTESIAN_POINT('Control Point',(33.2380757938,1.6667794938,-75.)) ;
#3926=CARTESIAN_POINT('Control Point',(33.2202076178,3.33360354182,-75.)) ;
#3927=CARTESIAN_POINT('Control Point',(33.1844763272,5.,-75.)) ;
#3937=CARTESIAN_POINT('Axis2P3D Location',(-200.,0.,0.)) ;
#3942=CARTESIAN_POINT('Axis2P3D Location',(-200.,0.,0.)) ;
#3972=CARTESIAN_POINT('Control Point',(38.7467277263,-5.86197757002E-014,55.)) ;
#3973=CARTESIAN_POINT('Control Point',(38.7467277263,-6.67448870558,55.)) ;
#3974=CARTESIAN_POINT('Control Point',(38.4666722034,-13.3489717843,55.)) ;
#3975=CARTESIAN_POINT('Control Point',(37.9075450674,-20.,55.)) ;
#3985=CARTESIAN_POINT('Axis2P3D Location',(0.,60.,55.)) ;
#58=DIRECTION('Axis2P3D Direction',(0.,0.,1.)) ;
#59=DIRECTION('Axis2P3D XDirection',(-1.,0.,0.)) ;
#63=DIRECTION('Axis2P3D Direction',(0.,0.,1.)) ;
#72=DIRECTION('Vector Direction',(0.,0.,1.)) ;
#79=DIRECTION('Axis2P3D Direction',(0.,0.,1.)) ;
#86=DIRECTION('Vector Direction',(0.,0.,1.)) ;
#98=DIRECTION('Axis2P3D Direction',(1.,0.,0.)) ;
#99=DIRECTION('Axis2P3D XDirection',(0.,-0.0676179552069,-0.997711286963)) ;
#103=DIRECTION('Axis2P3D Direction',(1.,0.,0.)) ;
#110=DIRECTION('Axis2P3D Direction',(0.,-1.,4.60300475513E-009)) ;
#117=DIRECTION('Axis2P3D Direction',(1.,0.,0.)) ;
#129=DIRECTION('Axis2P3D Direction',(0.,1.,0.)) ;
#130=DIRECTION('Axis2P3D XDirection',(0.,0.,1.)) ;
#134=DIRECTION('Vector Direction',(0.,0.,1.)) ;
#143=DIRECTION('Vector Direction',(1.,0.,0.)) ;
#150=DIRECTION('Axis2P3D Direction',(0.,1.,0.)) ;
#157=DIRECTION('Axis2P3D Direction',(0.,1.,0.)) ;
#164=DIRECTION('Vector Direction',(1.,0.,0.)) ;
#169=DIRECTION('Vector Direction',(-1.,0.,0.)) ;
#176=DIRECTION('Vector Direction',(0.,0.,1.)) ;
#183=DIRECTION('Vector Direction',(-1.,0.,0.)) ;
#200=DIRECTION('Axis2P3D Direction',(0.,0.,-1.)) ;
#201=DIRECTION('Axis2P3D XDirection',(0.,1.,0.)) ;
#205=DIRECTION('Vector Direction',(-0.965925826289,0.258819045103,0.)) ;
#212=DIRECTION('Vector Direction',(0.,1.,0.)) ;
#224=DIRECTION('Axis2P3D Direction',(0.,-0.633484162896,0.773755656109)) ;
#225=DIRECTION('Axis2P3D XDirection',(1.,0.,0.)) ;
#229=DIRECTION('Vector Direction',(1.,0.,0.)) ;
#238=DIRECTION('Vector Direction',(0.,-0.773755656109,-0.633484162896)) ;
#245=DIRECTION('Vector Direction',(1.,0.,0.)) ;
#252=DIRECTION('Vector Direction',(-2.93485043031E-017,-0.773755656109,-0.633484162896)) ;
#264=DIRECTION('Axis2P3D Direction',(1.,0.,0.)) ;
#265=DIRECTION('Axis2P3D XDirection',(0.,0.633484162896,-0.773755656109)) ;
#269=DIRECTION('Axis2P3D Direction',(1.,0.,0.)) ;
#276=DIRECTION('Vector Direction',(1.,0.,0.)) ;
#283=DIRECTION('Axis2P3D Direction',(1.,0.,0.)) ;
#295=DIRECTION('Axis2P3D Direction',(0.,1.,0.)) ;
#296=DIRECTION('Axis2P3D XDirection',(1.,-0.,0.)) ;
#300=DIRECTION('Vector Direction',(0.,0.,1.)) ;
#307=DIRECTION('Vector Direction',(0.,0.,1.)) ;
#314=DIRECTION('Vector Direction',(-1.,0.,0.)) ;
#326=DIRECTION('Axis2P3D Direction',(-1.,0.,0.)) ;
#327=DIRECTION('Axis2P3D XDirection',(0.,-1.,0.)) ;
#331=DIRECTION('Axis2P3D Direction',(-1.,0.,0.)) ;
#338=DIRECTION('Vector Direction',(-1.,0.,0.)) ;
#345=DIRECTION('Axis2P3D Direction',(-1.,0.,0.)) ;
#357=DIRECTION('Axis2P3D Direction',(1.,0.,0.)) ;
#358=DIRECTION('Axis2P3D XDirection',(-0.,-0.707106781187,-0.707106781187)) ;
#362=DIRECTION('Axis2P3D Direction',(1.,0.,0.)) ;
#369=DIRECTION('Axis2P3D Direction',(1.,0.,0.)) ;
#376=DIRECTION('Vector Direction',(1.,0.,0.)) ;
#388=DIRECTION('Axis2P3D Direction',(-1.,0.,0.)) ;
#389=DIRECTION('Axis2P3D XDirection',(0.,0.6,-0.8)) ;
#393=DIRECTION('Axis2P3D Direction',(-1.,0.,0.)) ;
#400=DIRECTION('Vector Direction',(-1.,0.,0.)) ;
#407=DIRECTION('Axis2P3D Direction',(-1.,0.,0.)) ;
#419=DIRECTION('Axis2P3D Direction',(0.,0.,1.)) ;
#420=DIRECTION('Axis2P3D XDirection',(1.,0.,0.)) ;
#424=DIRECTION('Vector Direction',(0.,-1.,0.)) ;
#431=DIRECTION('Vector Direction',(0.,-1.,0.)) ;
#438=DIRECTION('Vector Direction',(-1.,0.,0.)) ;
#450=DIRECTION('Axis2P3D Direction',(-1.,0.,0.)) ;
#451=DIRECTION('Axis2P3D XDirection',(0.,0.,-1.)) ;
#455=DIRECTION('Axis2P3D Direction',(-1.,0.,0.)) ;
#462=DIRECTION('Vector Direction',(-1.,0.,0.)) ;
#469=DIRECTION('Axis2P3D Direction',(-1.,0.,0.)) ;
#481=DIRECTION('Axis2P3D Direction',(1.,0.,0.)) ;
#482=DIRECTION('Axis2P3D XDirection',(0.,0.707106781187,-0.707106781187)) ;
#486=DIRECTION('Axis2P3D Direction',(1.,0.,0.)) ;
#493=DIRECTION('Axis2P3D Direction',(1.,0.,0.)) ;
#500=DIRECTION('Vector Direction',(1.,0.,0.)) ;
#512=DIRECTION('Axis2P3D Direction',(-1.,0.,0.)) ;
#513=DIRECTION('Axis2P3D XDirection',(0.,0.8,0.6)) ;
#517=DIRECTION('Axis2P3D Direction',(-1.,0.,0.)) ;
#524=DIRECTION('Vector Direction',(-1.,0.,0.)) ;
#531=DIRECTION('Axis2P3D Direction',(-1.,0.,0.)) ;
#543=DIRECTION('Axis2P3D Direction',(0.,-1.,0.)) ;
#544=DIRECTION('Axis2P3D XDirection',(1.,0.,0.)) ;
#548=DIRECTION('Vector Direction',(0.,0.,-1.)) ;
#555=DIRECTION('Vector Direction',(0.,0.,-1.)) ;
#562=DIRECTION('Vector Direction',(1.,0.,0.)) ;
#574=DIRECTION('Axis2P3D Direction',(1.,0.,0.)) ;
#575=DIRECTION('Axis2P3D XDirection',(0.,-1.,0.)) ;
#579=DIRECTION('Axis2P3D Direction',(1.,0.,0.)) ;
#586=DIRECTION('Vector Direction',(1.,0.,0.)) ;
#593=DIRECTION('Axis2P3D Direction',(1.,0.,0.)) ;
#605=DIRECTION('Axis2P3D Direction',(0.,0.633484162896,0.773755656109)) ;
#606=DIRECTION('Axis2P3D XDirection',(1.,-0.,0.)) ;
#610=DIRECTION('Vector Direction',(0.,0.773755656109,-0.633484162896)) ;
#617=DIRECTION('Vector Direction',(1.,0.,0.)) ;
#624=DIRECTION('Vector Direction',(0.,0.773755656109,-0.633484162896)) ;
#636=DIRECTION('Axis2P3D Direction',(1.,0.,-0.)) ;
#637=DIRECTION('Axis2P3D XDirection',(0.,-0.996096577562,0.0882700864904)) ;
#641=DIRECTION('Axis2P3D Direction',(1.,0.,-0.)) ;
#650=DIRECTION('Axis2P3D Direction',(0.,7.09464853532E-009,1.)) ;
#657=DIRECTION('Axis2P3D Direction',(1.,0.,-0.)) ;
#664=DIRECTION('Axis2P3D Direction',(0.,-1.,3.35192840151E-009)) ;
#676=DIRECTION('Axis2P3D Direction',(0.,0.,1.)) ;
#677=DIRECTION('Axis2P3D XDirection',(1.83690953073E-016,1.,-0.)) ;
#681=DIRECTION('Vector Direction',(0.,0.,1.)) ;
#688=DIRECTION('Axis2P3D Direction',(0.,0.,1.)) ;
#695=DIRECTION('Vector Direction',(0.,0.,1.)) ;
#707=DIRECTION('Axis2P3D Direction',(1.,0.,0.)) ;
#708=DIRECTION('Axis2P3D XDirection',(0.,0.991086321895,-0.133221254134)) ;
#712=DIRECTION('Axis2P3D Direction',(1.,0.,0.)) ;
#719=DIRECTION('Axis2P3D Direction',(0.,1.,-1.58484090851E-008)) ;
#726=DIRECTION('Axis2P3D Direction',(1.,0.,0.)) ;
#738=DIRECTION('Axis2P3D Direction',(0.,1.,0.)) ;
#739=DIRECTION('Axis2P3D XDirection',(-1.,0.,0.)) ;
#743=DIRECTION('Vector Direction',(0.,1.,0.)) ;
#750=DIRECTION('Axis2P3D Direction',(0.,1.,0.)) ;
#757=DIRECTION('Vector Direction',(0.,1.,0.)) ;
#769=DIRECTION('Axis2P3D Direction',(1.,0.,-0.)) ;
#770=DIRECTION('Axis2P3D XDirection',(0.,-0.997711286952,0.0676179553652)) ;
#774=DIRECTION('Axis2P3D Direction',(1.,0.,-0.)) ;
#781=DIRECTION('Axis2P3D Direction',(0.,4.60299848237E-009,1.)) ;
#788=DIRECTION('Axis2P3D Direction',(1.,0.,-0.)) ;
#800=DIRECTION('Axis2P3D Direction',(0.,0.,-1.)) ;
#801=DIRECTION('Axis2P3D XDirection',(-1.,0.,0.)) ;
#805=DIRECTION('Axis2P3D Direction',(0.,0.,-1.)) ;
#814=DIRECTION('Vector Direction',(0.,0.,-1.)) ;
#819=DIRECTION('Vector Direction',(0.,0.,-1.)) ;
#831=DIRECTION('Vector Direction',(0.,1.,0.)) ;
#838=DIRECTION('Vector Direction',(-1.,0.,0.)) ;
#845=DIRECTION('Vector Direction',(-0.965925826289,-0.258819045103,0.)) ;
#857=DIRECTION('Axis2P3D Direction',(-0.258819045103,0.965925826289,0.)) ;
#858=DIRECTION('Axis2P3D XDirection',(0.965925826289,0.258819045103,0.)) ;
#862=DIRECTION('Vector Direction',(0.,0.,1.)) ;
#869=DIRECTION('Vector Direction',(-0.965925826289,-0.258819045103,0.)) ;
#876=DIRECTION('Vector Direction',(0.,0.,-1.)) ;
#888=DIRECTION('Axis2P3D Direction',(0.,0.,-1.)) ;
#889=DIRECTION('Axis2P3D XDirection',(0.,1.,0.)) ;
#893=DIRECTION('Vector Direction',(-1.,0.,0.)) ;
#900=DIRECTION('Axis2P3D Direction',(0.,0.,-1.)) ;
#907=DIRECTION('Vector Direction',(0.,1.,0.)) ;
#919=DIRECTION('Vector Direction',(0.,0.,-1.)) ;
#926=DIRECTION('Axis2P3D Direction',(0.,0.,-1.)) ;
#933=DIRECTION('Vector Direction',(0.,0.,-1.)) ;
#945=DIRECTION('Axis2P3D Direction',(1.,-0.,0.)) ;
#946=DIRECTION('Axis2P3D XDirection',(0.,0.375237496137,0.926928703565)) ;
#950=DIRECTION('Axis2P3D Direction',(1.,-0.,0.)) ;
#957=DIRECTION('Axis2P3D Direction',(0.,1.,7.62921295583E-010)) ;
#964=DIRECTION('Axis2P3D Direction',(1.,-0.,0.)) ;
#976=DIRECTION('Axis2P3D Direction',(0.,-1.,0.)) ;
#977=DIRECTION('Axis2P3D XDirection',(-1.,0.,0.)) ;
#981=DIRECTION('Axis2P3D Direction',(0.,-1.,0.)) ;
#990=DIRECTION('Vector Direction',(0.,-1.,0.)) ;
#995=DIRECTION('Vector Direction',(0.,-1.,0.)) ;
#1007=DIRECTION('Axis2P3D Direction',(0.,-1.,0.)) ;
#1016=DIRECTION('Vector Direction',(0.,-1.,0.)) ;
#1023=DIRECTION('Axis2P3D Direction',(0.,-1.,0.)) ;
#1030=DIRECTION('Vector Direction',(0.,-1.,0.)) ;
#1042=DIRECTION('Axis2P3D Direction',(1.,0.,0.)) ;
#1043=DIRECTION('Axis2P3D XDirection',(0.,0.926928702828,-0.375237497957)) ;
#1047=DIRECTION('Axis2P3D Direction',(1.,0.,0.)) ;
#1052=DIRECTION('Axis2P3D Direction',(0.,7.63063418008E-010,-1.)) ;
#1059=DIRECTION('Axis2P3D Direction',(1.,0.,0.)) ;
#1071=DIRECTION('Axis2P3D Direction',(0.,0.,1.)) ;
#1078=DIRECTION('Vector Direction',(0.,0.,1.)) ;
#1090=DIRECTION('Vector Direction',(0.,1.,0.)) ;
#1097=DIRECTION('Vector Direction',(-0.965925826289,0.258819045103,0.)) ;
#1109=DIRECTION('Axis2P3D Direction',(0.258819045103,0.965925826289,0.)) ;
#1110=DIRECTION('Axis2P3D XDirection',(0.965925826289,-0.258819045103,0.)) ;
#1114=DIRECTION('Vector Direction',(0.,0.,-1.)) ;
#1126=DIRECTION('Axis2P3D Direction',(0.,1.,0.)) ;
#1127=DIRECTION('Axis2P3D XDirection',(-1.,0.,0.)) ;
#1131=DIRECTION('Vector Direction',(0.,1.,0.)) ;
#1138=DIRECTION('Axis2P3D Direction',(0.,1.,0.)) ;
#1145=DIRECTION('Vector Direction',(0.,1.,0.)) ;
#1157=DIRECTION('Axis2P3D Direction',(1.,-0.,0.)) ;
#1158=DIRECTION('Axis2P3D XDirection',(0.,0.133221254097,0.9910863219)) ;
#1162=DIRECTION('Axis2P3D Direction',(1.,-0.,0.)) ;
#1169=DIRECTION('Axis2P3D Direction',(0.,1.5848415913E-008,1.)) ;
#1176=DIRECTION('Axis2P3D Direction',(1.,-0.,0.)) ;
#1188=DIRECTION('Axis2P3D Direction',(0.,0.,-1.)) ;
#1189=DIRECTION('Axis2P3D XDirection',(1.83690953073E-016,-1.,-0.)) ;
#1193=DIRECTION('Vector Direction',(0.,0.,-1.)) ;
#1200=DIRECTION('Axis2P3D Direction',(0.,0.,-1.)) ;
#1207=DIRECTION('Vector Direction',(0.,0.,-1.)) ;
#1219=DIRECTION('Axis2P3D Direction',(1.,0.,0.)) ;
#1220=DIRECTION('Axis2P3D XDirection',(0.,-0.0676179552069,-0.997711286963)) ;
#1224=DIRECTION('Axis2P3D Direction',(1.,0.,0.)) ;
#1231=DIRECTION('Axis2P3D Direction',(0.,-1.,4.60294324878E-009)) ;
#1238=DIRECTION('Axis2P3D Direction',(1.,0.,0.)) ;
#1250=DIRECTION('Axis2P3D Direction',(1.,0.,0.)) ;
#1251=DIRECTION('Axis2P3D XDirection',(0.,-1.,1.22460635382E-016)) ;
#1255=DIRECTION('Axis2P3D Direction',(1.,0.,0.)) ;
#1264=DIRECTION('Vector Direction',(1.,0.,0.)) ;
#1271=DIRECTION('Axis2P3D Direction',(1.,0.,0.)) ;
#1278=DIRECTION('Vector Direction',(1.,0.,0.)) ;
#1290=DIRECTION('Axis2P3D Direction',(1.,0.,0.)) ;
#1295=DIRECTION('Axis2P3D Direction',(1.,0.,0.)) ;
#1307=DIRECTION('Axis2P3D Direction',(1.,0.,0.)) ;
#1308=DIRECTION('Axis2P3D XDirection',(0.,1.,0.)) ;
#1312=DIRECTION('Axis2P3D Direction',(1.,0.,0.)) ;
#1321=DIRECTION('Vector Direction',(1.,0.,0.)) ;
#1328=DIRECTION('Axis2P3D Direction',(1.,0.,0.)) ;
#1335=DIRECTION('Vector Direction',(1.,0.,0.)) ;
#1347=DIRECTION('Axis2P3D Direction',(1.,0.,0.)) ;
#1352=DIRECTION('Axis2P3D Direction',(1.,0.,0.)) ;
#1364=DIRECTION('Axis2P3D Direction',(1.,0.,0.)) ;
#1365=DIRECTION('Axis2P3D XDirection',(0.,1.,0.)) ;
#1369=DIRECTION('Axis2P3D Direction',(1.,0.,0.)) ;
#1378=DIRECTION('Vector Direction',(1.,0.,0.)) ;
#1385=DIRECTION('Axis2P3D Direction',(1.,0.,0.)) ;
#1392=DIRECTION('Vector Direction',(1.,0.,0.)) ;
#1404=DIRECTION('Axis2P3D Direction',(1.,0.,0.)) ;
#1409=DIRECTION('Axis2P3D Direction',(1.,0.,0.)) ;
#1421=DIRECTION('Axis2P3D Direction',(1.,0.,0.)) ;
#1422=DIRECTION('Axis2P3D XDirection',(0.,-1.,1.22460635382E-016)) ;
#1426=DIRECTION('Axis2P3D Direction',(1.,0.,0.)) ;
#1435=DIRECTION('Vector Direction',(1.,0.,0.)) ;
#1442=DIRECTION('Axis2P3D Direction',(1.,0.,0.)) ;
#1449=DIRECTION('Vector Direction',(1.,0.,0.)) ;
#1461=DIRECTION('Axis2P3D Direction',(1.,0.,0.)) ;
#1466=DIRECTION('Axis2P3D Direction',(1.,0.,0.)) ;
#1478=DIRECTION('Axis2P3D Direction',(1.,0.,0.)) ;
#1479=DIRECTION('Axis2P3D XDirection',(0.,0.,-1.)) ;
#1496=DIRECTION('Vector Direction',(1.,0.,0.)) ;
#1508=DIRECTION('Axis2P3D Direction',(1.,0.,0.)) ;
#1509=DIRECTION('Axis2P3D XDirection',(0.,1.,0.)) ;
#1513=DIRECTION('Vector Direction',(1.,0.,0.)) ;
#1538=DIRECTION('Axis2P3D Direction',(0.,1.,0.)) ;
#1539=DIRECTION('Axis2P3D XDirection',(0.992693180541,0.,0.120665858086)) ;
#1543=DIRECTION('Axis2P3D Direction',(0.104022291453,-0.,0.994574965943)) ;
#1550=DIRECTION('Axis2P3D Direction',(-0.0832178331623,0.,0.996531380461)) ;
#1557=DIRECTION('Axis2P3D Direction',(0.,1.,0.)) ;
#1564=DIRECTION('Axis2P3D Direction',(0.,1.,0.)) ;
#1578=DIRECTION('Axis2P3D Direction',(1.,0.,0.)) ;
#1579=DIRECTION('Axis2P3D XDirection',(0.,-1.,1.01063905508E-015)) ;
#1583=DIRECTION('Vector Direction',(1.,0.,0.)) ;
#1600=DIRECTION('Vector Direction',(1.,0.,0.)) ;
#1612=DIRECTION('Axis2P3D Direction',(0.,1.,0.)) ;
#1613=DIRECTION('Axis2P3D XDirection',(0.,0.,1.)) ;
#1617=DIRECTION('Axis2P3D Direction',(0.,1.,0.)) ;
#1624=DIRECTION('Vector Direction',(1.,0.,0.)) ;
#1636=DIRECTION('Axis2P3D Direction',(1.,0.,0.)) ;
#1637=DIRECTION('Axis2P3D XDirection',(0.,1.,0.)) ;
#1654=DIRECTION('Vector Direction',(1.,0.,0.)) ;
#1666=DIRECTION('Axis2P3D Direction',(0.,0.,-1.)) ;
#1667=DIRECTION('Axis2P3D XDirection',(0.,1.,0.)) ;
#1671=DIRECTION('Axis2P3D Direction',(0.,0.,-1.)) ;
#1678=DIRECTION('Vector Direction',(1.,0.,0.)) ;
#1690=DIRECTION('Axis2P3D Direction',(1.,0.,0.)) ;
#1691=DIRECTION('Axis2P3D XDirection',(0.,-1.,5.66549845232E-016)) ;
#1708=DIRECTION('Vector Direction',(1.,0.,0.)) ;
#1720=DIRECTION('Axis2P3D Direction',(0.,-1.,0.)) ;
#1721=DIRECTION('Axis2P3D XDirection',(0.,0.,-1.)) ;
#1725=DIRECTION('Axis2P3D Direction',(0.,-1.,0.)) ;
#1732=DIRECTION('Axis2P3D Direction',(0.,-1.,0.)) ;
#1739=DIRECTION('Vector Direction',(1.,0.,0.)) ;
#1756=DIRECTION('Axis2P3D Direction',(1.,0.,0.)) ;
#1757=DIRECTION('Axis2P3D XDirection',(0.,6.12303176911E-017,1.)) ;
#1777=DIRECTION('Vector Direction',(1.,0.,0.)) ;
#1789=DIRECTION('Axis2P3D Direction',(-0.,0.,1.)) ;
#1790=DIRECTION('Axis2P3D XDirection',(0.,-1.,0.)) ;
#1794=DIRECTION('Axis2P3D Direction',(-0.,0.,1.)) ;
#1801=DIRECTION('Axis2P3D Direction',(-0.,0.,1.)) ;
#1806=DIRECTION('Vector Direction',(-1.,0.,0.)) ;
#1813=DIRECTION('Vector Direction',(0.,-1.,0.)) ;
#1820=DIRECTION('Vector Direction',(-1.,0.,0.)) ;
#1837=DIRECTION('Axis2P3D Direction',(0.,0.,-1.)) ;
#1844=DIRECTION('Vector Direction',(1.,0.,0.)) ;
#1856=DIRECTION('Axis2P3D Direction',(1.,0.,0.)) ;
#1857=DIRECTION('Axis2P3D XDirection',(-0.,1.83690953073E-016,1.)) ;
#1874=DIRECTION('Vector Direction',(1.,0.,0.)) ;
#1886=DIRECTION('Axis2P3D Direction',(0.,-1.,0.)) ;
#1887=DIRECTION('Axis2P3D XDirection',(0.,0.,-1.)) ;
#1891=DIRECTION('Axis2P3D Direction',(0.,-1.,0.)) ;
#1898=DIRECTION('Vector Direction',(1.,0.,0.)) ;
#1910=DIRECTION('Axis2P3D Direction',(1.,0.,0.)) ;
#1911=DIRECTION('Axis2P3D XDirection',(0.,0.,-1.)) ;
#1925=DIRECTION('Vector Direction',(1.,0.,0.)) ;
#2141=DIRECTION('Axis2P3D Direction',(1.,0.,0.)) ;
#2142=DIRECTION('Axis2P3D XDirection',(0.,0.707106781187,0.707106781187)) ;
#2146=DIRECTION('Axis2P3D Direction',(1.,0.,0.)) ;
#2155=DIRECTION('Vector Direction',(1.,0.,0.)) ;
#2172=DIRECTION('Vector Direction',(1.,0.,0.)) ;
#2184=DIRECTION('Axis2P3D Direction',(0.,1.,0.)) ;
#2185=DIRECTION('Axis2P3D XDirection',(0.,0.,1.)) ;
#2189=DIRECTION('Vector Direction',(0.,0.,1.)) ;
#2196=DIRECTION('Vector Direction',(1.,0.,0.)) ;
#2216=DIRECTION('Axis2P3D Direction',(1.,0.,0.)) ;
#2217=DIRECTION('Axis2P3D XDirection',(-0.,-0.707106781187,-0.707106781187)) ;
#2221=DIRECTION('Axis2P3D Direction',(1.,0.,0.)) ;
#2228=DIRECTION('Vector Direction',(1.,0.,0.)) ;
#2253=DIRECTION('Axis2P3D Direction',(0.,0.,-1.)) ;
#2254=DIRECTION('Axis2P3D XDirection',(0.,1.,0.)) ;
#2258=DIRECTION('Vector Direction',(0.,1.,0.)) ;
#2265=DIRECTION('Vector Direction',(1.,0.,0.)) ;
#2285=DIRECTION('Axis2P3D Direction',(1.,0.,0.)) ;
#2286=DIRECTION('Axis2P3D XDirection',(0.,0.707106781187,0.707106781187)) ;
#2300=DIRECTION('Axis2P3D Direction',(1.,0.,0.)) ;
#2307=DIRECTION('Vector Direction',(1.,0.,0.)) ;
#2319=DIRECTION('Axis2P3D Direction',(0.,-1.,0.)) ;
#2320=DIRECTION('Axis2P3D XDirection',(0.,0.,-1.)) ;
#2324=DIRECTION('Vector Direction',(0.,0.,-1.)) ;
#2331=DIRECTION('Vector Direction',(1.,0.,0.)) ;
#2360=DIRECTION('Axis2P3D Direction',(1.,0.,0.)) ;
#2361=DIRECTION('Axis2P3D XDirection',(0.,0.707106781187,-0.707106781187)) ;
#2378=DIRECTION('Axis2P3D Direction',(1.,0.,0.)) ;
#2385=DIRECTION('Vector Direction',(1.,0.,0.)) ;
#2397=DIRECTION('Axis2P3D Direction',(1.,0.,0.)) ;
#2398=DIRECTION('Axis2P3D XDirection',(-0.,-0.707106781187,-0.707106781187)) ;
#2417=DIRECTION('Vector Direction',(1.,0.,0.)) ;
#2424=DIRECTION('Axis2P3D Direction',(1.,0.,0.)) ;
#2431=DIRECTION('Vector Direction',(1.,0.,0.)) ;
#2443=DIRECTION('Axis2P3D Direction',(0.,1.,0.)) ;
#2444=DIRECTION('Axis2P3D XDirection',(0.,0.,1.)) ;
#2448=DIRECTION('Vector Direction',(1.,0.,0.)) ;
#2471=DIRECTION('Vector Direction',(0.,0.,1.)) ;
#2484=DIRECTION('Axis2P3D Direction',(1.,0.,0.)) ;
#2485=DIRECTION('Axis2P3D XDirection',(0.,-0.707106781187,0.707106781187)) ;
#2489=DIRECTION('Axis2P3D Direction',(1.,0.,0.)) ;
#2496=DIRECTION('Vector Direction',(1.,0.,0.)) ;
#2518=DIRECTION('Vector Direction',(1.,0.,0.)) ;
#2533=DIRECTION('Vector Direction',(0.,1.,0.)) ;
#2545=DIRECTION('Axis2P3D Direction',(1.,0.,0.)) ;
#2546=DIRECTION('Axis2P3D XDirection',(0.,0.707106781187,-0.707106781187)) ;
#2550=DIRECTION('Axis2P3D Direction',(1.,0.,0.)) ;
#2557=DIRECTION('Vector Direction',(1.,0.,0.)) ;
#2582=DIRECTION('Axis2P3D Direction',(0.,-1.,0.)) ;
#2583=DIRECTION('Axis2P3D XDirection',(0.,0.,-1.)) ;
#2587=DIRECTION('Vector Direction',(0.,0.,-1.)) ;
#2594=DIRECTION('Vector Direction',(1.,0.,0.)) ;
#2614=DIRECTION('Axis2P3D Direction',(1.,0.,0.)) ;
#2615=DIRECTION('Axis2P3D XDirection',(0.,-0.707106781187,0.707106781187)) ;
#2629=DIRECTION('Axis2P3D Direction',(1.,0.,0.)) ;
#2636=DIRECTION('Vector Direction',(1.,0.,0.)) ;
#2773=DIRECTION('Axis2P3D Direction',(0.,1.,-0.)) ;
#2774=DIRECTION('Axis2P3D XDirection',(0.976595346944,0.,-0.215084932821)) ;
#2778=DIRECTION('Axis2P3D Direction',(0.223201345381,0.,0.974772362873)) ;
#2785=DIRECTION('Axis2P3D Direction',(0.,1.,-0.)) ;
#2913=DIRECTION('Axis2P3D Direction',(0.,-0.,-1.)) ;
#2914=DIRECTION('Axis2P3D XDirection',(1.,0.,0.)) ;
#2918=DIRECTION('Axis2P3D Direction',(0.184265358475,0.982876532259,0.)) ;
#2925=DIRECTION('Axis2P3D Direction',(0.,-0.,-1.)) ;
#3052=DIRECTION('Axis2P3D Direction',(0.,-1.,0.)) ;
#3053=DIRECTION('Axis2P3D XDirection',(0.98994249812,0.,-0.141470316376)) ;
#3057=DIRECTION('Axis2P3D Direction',(0.,-1.,0.)) ;
#3064=DIRECTION('Axis2P3D Direction',(0.,-1.,0.)) ;
#3071=DIRECTION('Axis2P3D Direction',(0.0832178331623,0.,-0.996531380461)) ;
#3194=DIRECTION('Axis2P3D Direction',(0.,-0.,1.)) ;
#3195=DIRECTION('Axis2P3D XDirection',(1.,0.,0.)) ;
#3199=DIRECTION('Axis2P3D Direction',(0.,-0.,1.)) ;
#3206=DIRECTION('Axis2P3D Direction',(0.,-0.,1.)) ;
#3220=DIRECTION('Axis2P3D Direction',(0.,0.,-1.)) ;
#3221=DIRECTION('Axis2P3D XDirection',(0.957123606521,0.289679826428,0.)) ;
#3225=DIRECTION('Axis2P3D Direction',(-0.143317501036,0.98967676233,0.)) ;
#3232=DIRECTION('Axis2P3D Direction',(0.,0.,-1.)) ;
#3363=DIRECTION('Axis2P3D Direction',(-0.,-1.,0.)) ;
#3364=DIRECTION('Axis2P3D XDirection',(0.923365454329,0.,-0.383922176685)) ;
#3368=DIRECTION('Axis2P3D Direction',(-0.263783408177,0.,-0.964581937199)) ;
#3375=DIRECTION('Axis2P3D Direction',(-0.,-1.,0.)) ;
#3502=DIRECTION('Axis2P3D Direction',(0.258819045103,-0.,0.965925826289)) ;
#3503=DIRECTION('Axis2P3D XDirection',(0.965925826289,0.,-0.258819045103)) ;
#3507=DIRECTION('Vector Direction',(-0.965925826289,0.,0.258819045103)) ;
#3514=DIRECTION('Vector Direction',(0.,1.,0.)) ;
#3521=DIRECTION('Vector Direction',(-0.965925826289,0.,0.258819045103)) ;
#3533=DIRECTION('Axis2P3D Direction',(0.,1.,0.)) ;
#3534=DIRECTION('Axis2P3D XDirection',(0.,0.,1.)) ;
#3538=DIRECTION('Vector Direction',(0.,0.,-1.)) ;
#3550=DIRECTION('Axis2P3D Direction',(0.,1.,0.)) ;
#3551=DIRECTION('Axis2P3D XDirection',(0.,0.,1.)) ;
#3555=DIRECTION('Vector Direction',(0.,0.,-1.)) ;
#3567=DIRECTION('Axis2P3D Direction',(0.,0.,1.)) ;
#3568=DIRECTION('Axis2P3D XDirection',(1.,0.,0.)) ;
#3572=DIRECTION('Axis2P3D Direction',(0.,0.,1.)) ;
#3579=DIRECTION('Axis2P3D Direction',(0.,-1.,0.)) ;
#3600=DIRECTION('Axis2P3D Direction',(0.,0.,1.)) ;
#3601=DIRECTION('Axis2P3D XDirection',(1.,0.,0.)) ;
#3605=DIRECTION('Axis2P3D Direction',(0.,0.,1.)) ;
#3612=DIRECTION('Axis2P3D Direction',(0.,-1.,0.)) ;
#3625=DIRECTION('Axis2P3D Direction',(0.,0.,1.)) ;
#3638=DIRECTION('Axis2P3D Direction',(0.,-1.,0.)) ;
#3645=DIRECTION('Axis2P3D Direction',(0.,0.,1.)) ;
#3662=DIRECTION('Axis2P3D Direction',(0.,0.,1.)) ;
#3679=DIRECTION('Axis2P3D Direction',(-0.,0.,1.)) ;
#3680=DIRECTION('Axis2P3D XDirection',(1.,0.,0.)) ;
#3684=DIRECTION('Axis2P3D Direction',(-0.,0.,1.)) ;
#3691=DIRECTION('Axis2P3D Direction',(-7.56890835289E-017,-1.,0.)) ;
#3703=DIRECTION('Axis2P3D Direction',(0.,-0.,1.)) ;
#3704=DIRECTION('Axis2P3D XDirection',(0.999628117276,-0.0272695278735,0.)) ;
#3708=DIRECTION('Axis2P3D Direction',(0.,-0.,1.)) ;
#3720=DIRECTION('Axis2P3D Direction',(-0.,0.,1.)) ;
#3721=DIRECTION('Axis2P3D XDirection',(0.,-1.,0.)) ;
#3725=DIRECTION('Vector Direction',(0.,-1.,0.)) ;
#3738=DIRECTION('Axis2P3D Direction',(0.,-1.,0.)) ;
#3739=DIRECTION('Axis2P3D XDirection',(1.83690953073E-016,0.,1.)) ;
#3743=DIRECTION('Vector Direction',(0.,-1.,0.)) ;
#3755=DIRECTION('Axis2P3D Direction',(1.,0.,0.)) ;
#3756=DIRECTION('Axis2P3D XDirection',(0.,1.,0.)) ;
#3760=DIRECTION('Axis2P3D Direction',(1.,0.,0.)) ;
#3828=DIRECTION('Axis2P3D Direction',(1.,0.,0.)) ;
#3829=DIRECTION('Axis2P3D XDirection',(0.,1.17145334232E-015,1.)) ;
#3833=DIRECTION('Axis2P3D Direction',(1.,0.,0.)) ;
#3845=DIRECTION('Axis2P3D Direction',(1.,0.,0.)) ;
#3846=DIRECTION('Axis2P3D XDirection',(0.,1.,0.)) ;
#3866=DIRECTION('Vector Direction',(0.,1.,0.)) ;
#3871=DIRECTION('Vector Direction',(0.,1.,0.)) ;
#3911=DIRECTION('Axis2P3D Direction',(-0.,0.,1.)) ;
#3912=DIRECTION('Axis2P3D XDirection',(0.,-1.,0.)) ;
#3938=DIRECTION('Axis2P3D Direction',(-2.44929359829E-016,-1.,0.)) ;
#3943=DIRECTION('Axis2P3D Direction',(0.,0.,1.)) ;
#3986=DIRECTION('Axis2P3D Direction',(-0.,0.,1.)) ;
#3987=DIRECTION('Axis2P3D XDirection',(0.,-1.,0.)) ;
#48=AXIS2_PLACEMENT_3D(' ',#47,$,$) ;
#60=AXIS2_PLACEMENT_3D('Cylinder Axis2P3D',#57,#58,#59) ;
#64=AXIS2_PLACEMENT_3D('Circle Axis2P3D',#62,#63,$) ;
#80=AXIS2_PLACEMENT_3D('Circle Axis2P3D',#78,#79,$) ;
#100=AXIS2_PLACEMENT_3D('Torus Axis2P3D',#97,#98,#99) ;
#104=AXIS2_PLACEMENT_3D('Circle Axis2P3D',#102,#103,$) ;
#111=AXIS2_PLACEMENT_3D('Circle Axis2P3D',#109,#110,$) ;
#118=AXIS2_PLACEMENT_3D('Circle Axis2P3D',#116,#117,$) ;
#131=AXIS2_PLACEMENT_3D('Plane Axis2P3D',#128,#129,#130) ;
#151=AXIS2_PLACEMENT_3D('Circle Axis2P3D',#149,#150,$) ;
#158=AXIS2_PLACEMENT_3D('Circle Axis2P3D',#156,#157,$) ;
#202=AXIS2_PLACEMENT_3D('Plane Axis2P3D',#199,#200,#201) ;
#226=AXIS2_PLACEMENT_3D('Plane Axis2P3D',#223,#224,#225) ;
#266=AXIS2_PLACEMENT_3D('Cylinder Axis2P3D',#263,#264,#265) ;
#270=AXIS2_PLACEMENT_3D('Circle Axis2P3D',#268,#269,$) ;
#284=AXIS2_PLACEMENT_3D('Circle Axis2P3D',#282,#283,$) ;
#297=AXIS2_PLACEMENT_3D('Plane Axis2P3D',#294,#295,#296) ;
#328=AXIS2_PLACEMENT_3D('Cylinder Axis2P3D',#325,#326,#327) ;
#332=AXIS2_PLACEMENT_3D('Circle Axis2P3D',#330,#331,$) ;
#346=AXIS2_PLACEMENT_3D('Circle Axis2P3D',#344,#345,$) ;
#359=AXIS2_PLACEMENT_3D('Cylinder Axis2P3D',#356,#357,#358) ;
#363=AXIS2_PLACEMENT_3D('Circle Axis2P3D',#361,#362,$) ;
#370=AXIS2_PLACEMENT_3D('Circle Axis2P3D',#368,#369,$) ;
#390=AXIS2_PLACEMENT_3D('Cylinder Axis2P3D',#387,#388,#389) ;
#394=AXIS2_PLACEMENT_3D('Circle Axis2P3D',#392,#393,$) ;
#408=AXIS2_PLACEMENT_3D('Circle Axis2P3D',#406,#407,$) ;
#421=AXIS2_PLACEMENT_3D('Plane Axis2P3D',#418,#419,#420) ;
#452=AXIS2_PLACEMENT_3D('Cylinder Axis2P3D',#449,#450,#451) ;
#456=AXIS2_PLACEMENT_3D('Circle Axis2P3D',#454,#455,$) ;
#470=AXIS2_PLACEMENT_3D('Circle Axis2P3D',#468,#469,$) ;
#483=AXIS2_PLACEMENT_3D('Cylinder Axis2P3D',#480,#481,#482) ;
#487=AXIS2_PLACEMENT_3D('Circle Axis2P3D',#485,#486,$) ;
#494=AXIS2_PLACEMENT_3D('Circle Axis2P3D',#492,#493,$) ;
#514=AXIS2_PLACEMENT_3D('Cylinder Axis2P3D',#511,#512,#513) ;
#518=AXIS2_PLACEMENT_3D('Circle Axis2P3D',#516,#517,$) ;
#532=AXIS2_PLACEMENT_3D('Circle Axis2P3D',#530,#531,$) ;
#545=AXIS2_PLACEMENT_3D('Plane Axis2P3D',#542,#543,#544) ;
#576=AXIS2_PLACEMENT_3D('Cylinder Axis2P3D',#573,#574,#575) ;
#580=AXIS2_PLACEMENT_3D('Circle Axis2P3D',#578,#579,$) ;
#594=AXIS2_PLACEMENT_3D('Circle Axis2P3D',#592,#593,$) ;
#607=AXIS2_PLACEMENT_3D('Plane Axis2P3D',#604,#605,#606) ;
#638=AXIS2_PLACEMENT_3D('Torus Axis2P3D',#635,#636,#637) ;
#642=AXIS2_PLACEMENT_3D('Circle Axis2P3D',#640,#641,$) ;
#651=AXIS2_PLACEMENT_3D('Circle Axis2P3D',#649,#650,$) ;
#658=AXIS2_PLACEMENT_3D('Circle Axis2P3D',#656,#657,$) ;
#665=AXIS2_PLACEMENT_3D('Circle Axis2P3D',#663,#664,$) ;
#678=AXIS2_PLACEMENT_3D('Cylinder Axis2P3D',#675,#676,#677) ;
#689=AXIS2_PLACEMENT_3D('Circle Axis2P3D',#687,#688,$) ;
#709=AXIS2_PLACEMENT_3D('Torus Axis2P3D',#706,#707,#708) ;
#713=AXIS2_PLACEMENT_3D('Circle Axis2P3D',#711,#712,$) ;
#720=AXIS2_PLACEMENT_3D('Circle Axis2P3D',#718,#719,$) ;
#727=AXIS2_PLACEMENT_3D('Circle Axis2P3D',#725,#726,$) ;
#740=AXIS2_PLACEMENT_3D('Cylinder Axis2P3D',#737,#738,#739) ;
#751=AXIS2_PLACEMENT_3D('Circle Axis2P3D',#749,#750,$) ;
#771=AXIS2_PLACEMENT_3D('Torus Axis2P3D',#768,#769,#770) ;
#775=AXIS2_PLACEMENT_3D('Circle Axis2P3D',#773,#774,$) ;
#782=AXIS2_PLACEMENT_3D('Circle Axis2P3D',#780,#781,$) ;
#789=AXIS2_PLACEMENT_3D('Circle Axis2P3D',#787,#788,$) ;
#802=AXIS2_PLACEMENT_3D('Cylinder Axis2P3D',#799,#800,#801) ;
#806=AXIS2_PLACEMENT_3D('Circle Axis2P3D',#804,#805,$) ;
#859=AXIS2_PLACEMENT_3D('Plane Axis2P3D',#856,#857,#858) ;
#890=AXIS2_PLACEMENT_3D('Plane Axis2P3D',#887,#888,#889) ;
#901=AXIS2_PLACEMENT_3D('Circle Axis2P3D',#899,#900,$) ;
#927=AXIS2_PLACEMENT_3D('Circle Axis2P3D',#925,#926,$) ;
#947=AXIS2_PLACEMENT_3D('Torus Axis2P3D',#944,#945,#946) ;
#951=AXIS2_PLACEMENT_3D('Circle Axis2P3D',#949,#950,$) ;
#958=AXIS2_PLACEMENT_3D('Circle Axis2P3D',#956,#957,$) ;
#965=AXIS2_PLACEMENT_3D('Circle Axis2P3D',#963,#964,$) ;
#978=AXIS2_PLACEMENT_3D('Cylinder Axis2P3D',#975,#976,#977) ;
#982=AXIS2_PLACEMENT_3D('Circle Axis2P3D',#980,#981,$) ;
#1008=AXIS2_PLACEMENT_3D('Circle Axis2P3D',#1006,#1007,$) ;
#1024=AXIS2_PLACEMENT_3D('Circle Axis2P3D',#1022,#1023,$) ;
#1044=AXIS2_PLACEMENT_3D('Torus Axis2P3D',#1041,#1042,#1043) ;
#1048=AXIS2_PLACEMENT_3D('Circle Axis2P3D',#1046,#1047,$) ;
#1053=AXIS2_PLACEMENT_3D('Circle Axis2P3D',#1051,#1052,$) ;
#1060=AXIS2_PLACEMENT_3D('Circle Axis2P3D',#1058,#1059,$) ;
#1072=AXIS2_PLACEMENT_3D('Circle Axis2P3D',#1070,#1071,$) ;
#1111=AXIS2_PLACEMENT_3D('Plane Axis2P3D',#1108,#1109,#1110) ;
#1128=AXIS2_PLACEMENT_3D('Cylinder Axis2P3D',#1125,#1126,#1127) ;
#1139=AXIS2_PLACEMENT_3D('Circle Axis2P3D',#1137,#1138,$) ;
#1159=AXIS2_PLACEMENT_3D('Torus Axis2P3D',#1156,#1157,#1158) ;
#1163=AXIS2_PLACEMENT_3D('Circle Axis2P3D',#1161,#1162,$) ;
#1170=AXIS2_PLACEMENT_3D('Circle Axis2P3D',#1168,#1169,$) ;
#1177=AXIS2_PLACEMENT_3D('Circle Axis2P3D',#1175,#1176,$) ;
#1190=AXIS2_PLACEMENT_3D('Cylinder Axis2P3D',#1187,#1188,#1189) ;
#1201=AXIS2_PLACEMENT_3D('Circle Axis2P3D',#1199,#1200,$) ;
#1221=AXIS2_PLACEMENT_3D('Torus Axis2P3D',#1218,#1219,#1220) ;
#1225=AXIS2_PLACEMENT_3D('Circle Axis2P3D',#1223,#1224,$) ;
#1232=AXIS2_PLACEMENT_3D('Circle Axis2P3D',#1230,#1231,$) ;
#1239=AXIS2_PLACEMENT_3D('Circle Axis2P3D',#1237,#1238,$) ;
#1252=AXIS2_PLACEMENT_3D('Cylinder Axis2P3D',#1249,#1250,#1251) ;
#1256=AXIS2_PLACEMENT_3D('Circle Axis2P3D',#1254,#1255,$) ;
#1272=AXIS2_PLACEMENT_3D('Circle Axis2P3D',#1270,#1271,$) ;
#1291=AXIS2_PLACEMENT_3D('Circle Axis2P3D',#1289,#1290,$) ;
#1296=AXIS2_PLACEMENT_3D('Circle Axis2P3D',#1294,#1295,$) ;
#1309=AXIS2_PLACEMENT_3D('Cylinder Axis2P3D',#1306,#1307,#1308) ;
#1313=AXIS2_PLACEMENT_3D('Circle Axis2P3D',#1311,#1312,$) ;
#1329=AXIS2_PLACEMENT_3D('Circle Axis2P3D',#1327,#1328,$) ;
#1348=AXIS2_PLACEMENT_3D('Circle Axis2P3D',#1346,#1347,$) ;
#1353=AXIS2_PLACEMENT_3D('Circle Axis2P3D',#1351,#1352,$) ;
#1366=AXIS2_PLACEMENT_3D('Cylinder Axis2P3D',#1363,#1364,#1365) ;
#1370=AXIS2_PLACEMENT_3D('Circle Axis2P3D',#1368,#1369,$) ;
#1386=AXIS2_PLACEMENT_3D('Circle Axis2P3D',#1384,#1385,$) ;
#1405=AXIS2_PLACEMENT_3D('Circle Axis2P3D',#1403,#1404,$) ;
#1410=AXIS2_PLACEMENT_3D('Circle Axis2P3D',#1408,#1409,$) ;
#1423=AXIS2_PLACEMENT_3D('Cylinder Axis2P3D',#1420,#1421,#1422) ;
#1427=AXIS2_PLACEMENT_3D('Circle Axis2P3D',#1425,#1426,$) ;
#1443=AXIS2_PLACEMENT_3D('Circle Axis2P3D',#1441,#1442,$) ;
#1462=AXIS2_PLACEMENT_3D('Circle Axis2P3D',#1460,#1461,$) ;
#1467=AXIS2_PLACEMENT_3D('Circle Axis2P3D',#1465,#1466,$) ;
#1480=AXIS2_PLACEMENT_3D('Cylinder Axis2P3D',#1477,#1478,#1479) ;
#1510=AXIS2_PLACEMENT_3D('Cylinder Axis2P3D',#1507,#1508,#1509) ;
#1540=AXIS2_PLACEMENT_3D('Torus Axis2P3D',#1537,#1538,#1539) ;
#1544=AXIS2_PLACEMENT_3D('Circle Axis2P3D',#1542,#1543,$) ;
#1551=AXIS2_PLACEMENT_3D('Circle Axis2P3D',#1549,#1550,$) ;
#1558=AXIS2_PLACEMENT_3D('Circle Axis2P3D',#1556,#1557,$) ;
#1565=AXIS2_PLACEMENT_3D('Circle Axis2P3D',#1563,#1564,$) ;
#1580=AXIS2_PLACEMENT_3D('Cylinder Axis2P3D',#1577,#1578,#1579) ;
#1614=AXIS2_PLACEMENT_3D('Plane Axis2P3D',#1611,#1612,#1613) ;
#1618=AXIS2_PLACEMENT_3D('Circle Axis2P3D',#1616,#1617,$) ;
#1638=AXIS2_PLACEMENT_3D('Cylinder Axis2P3D',#1635,#1636,#1637) ;
#1668=AXIS2_PLACEMENT_3D('Plane Axis2P3D',#1665,#1666,#1667) ;
#1672=AXIS2_PLACEMENT_3D('Circle Axis2P3D',#1670,#1671,$) ;
#1692=AXIS2_PLACEMENT_3D('Cylinder Axis2P3D',#1689,#1690,#1691) ;
#1722=AXIS2_PLACEMENT_3D('Plane Axis2P3D',#1719,#1720,#1721) ;
#1726=AXIS2_PLACEMENT_3D('Circle Axis2P3D',#1724,#1725,$) ;
#1733=AXIS2_PLACEMENT_3D('Circle Axis2P3D',#1731,#1732,$) ;
#1758=AXIS2_PLACEMENT_3D('Cylinder Axis2P3D',#1755,#1756,#1757) ;
#1791=AXIS2_PLACEMENT_3D('Plane Axis2P3D',#1788,#1789,#1790) ;
#1795=AXIS2_PLACEMENT_3D('Circle Axis2P3D',#1793,#1794,$) ;
#1802=AXIS2_PLACEMENT_3D('Circle Axis2P3D',#1800,#1801,$) ;
#1838=AXIS2_PLACEMENT_3D('Circle Axis2P3D',#1836,#1837,$) ;
#1858=AXIS2_PLACEMENT_3D('Cylinder Axis2P3D',#1855,#1856,#1857) ;
#1888=AXIS2_PLACEMENT_3D('Plane Axis2P3D',#1885,#1886,#1887) ;
#1892=AXIS2_PLACEMENT_3D('Circle Axis2P3D',#1890,#1891,$) ;
#1912=AXIS2_PLACEMENT_3D('Cylinder Axis2P3D',#1909,#1910,#1911) ;
#2143=AXIS2_PLACEMENT_3D('Cylinder Axis2P3D',#2140,#2141,#2142) ;
#2147=AXIS2_PLACEMENT_3D('Circle Axis2P3D',#2145,#2146,$) ;
#2186=AXIS2_PLACEMENT_3D('Plane Axis2P3D',#2183,#2184,#2185) ;
#2218=AXIS2_PLACEMENT_3D('Cylinder Axis2P3D',#2215,#2216,#2217) ;
#2222=AXIS2_PLACEMENT_3D('Circle Axis2P3D',#2220,#2221,$) ;
#2255=AXIS2_PLACEMENT_3D('Plane Axis2P3D',#2252,#2253,#2254) ;
#2287=AXIS2_PLACEMENT_3D('Cylinder Axis2P3D',#2284,#2285,#2286) ;
#2301=AXIS2_PLACEMENT_3D('Circle Axis2P3D',#2299,#2300,$) ;
#2321=AXIS2_PLACEMENT_3D('Plane Axis2P3D',#2318,#2319,#2320) ;
#2362=AXIS2_PLACEMENT_3D('Cylinder Axis2P3D',#2359,#2360,#2361) ;
#2379=AXIS2_PLACEMENT_3D('Circle Axis2P3D',#2377,#2378,$) ;
#2399=AXIS2_PLACEMENT_3D('Cylinder Axis2P3D',#2396,#2397,#2398) ;
#2425=AXIS2_PLACEMENT_3D('Circle Axis2P3D',#2423,#2424,$) ;
#2445=AXIS2_PLACEMENT_3D('Plane Axis2P3D',#2442,#2443,#2444) ;
#2486=AXIS2_PLACEMENT_3D('Cylinder Axis2P3D',#2483,#2484,#2485) ;
#2490=AXIS2_PLACEMENT_3D('Circle Axis2P3D',#2488,#2489,$) ;
#2547=AXIS2_PLACEMENT_3D('Cylinder Axis2P3D',#2544,#2545,#2546) ;
#2551=AXIS2_PLACEMENT_3D('Circle Axis2P3D',#2549,#2550,$) ;
#2584=AXIS2_PLACEMENT_3D('Plane Axis2P3D',#2581,#2582,#2583) ;
#2616=AXIS2_PLACEMENT_3D('Cylinder Axis2P3D',#2613,#2614,#2615) ;
#2630=AXIS2_PLACEMENT_3D('Circle Axis2P3D',#2628,#2629,$) ;
#2775=AXIS2_PLACEMENT_3D('Torus Axis2P3D',#2772,#2773,#2774) ;
#2779=AXIS2_PLACEMENT_3D('Circle Axis2P3D',#2777,#2778,$) ;
#2786=AXIS2_PLACEMENT_3D('Circle Axis2P3D',#2784,#2785,$) ;
#2915=AXIS2_PLACEMENT_3D('Torus Axis2P3D',#2912,#2913,#2914) ;
#2919=AXIS2_PLACEMENT_3D('Circle Axis2P3D',#2917,#2918,$) ;
#2926=AXIS2_PLACEMENT_3D('Circle Axis2P3D',#2924,#2925,$) ;
#3054=AXIS2_PLACEMENT_3D('Torus Axis2P3D',#3051,#3052,#3053) ;
#3058=AXIS2_PLACEMENT_3D('Circle Axis2P3D',#3056,#3057,$) ;
#3065=AXIS2_PLACEMENT_3D('Circle Axis2P3D',#3063,#3064,$) ;
#3072=AXIS2_PLACEMENT_3D('Circle Axis2P3D',#3070,#3071,$) ;
#3196=AXIS2_PLACEMENT_3D('Torus Axis2P3D',#3193,#3194,#3195) ;
#3200=AXIS2_PLACEMENT_3D('Circle Axis2P3D',#3198,#3199,$) ;
#3207=AXIS2_PLACEMENT_3D('Circle Axis2P3D',#3205,#3206,$) ;
#3222=AXIS2_PLACEMENT_3D('Torus Axis2P3D',#3219,#3220,#3221) ;
#3226=AXIS2_PLACEMENT_3D('Circle Axis2P3D',#3224,#3225,$) ;
#3233=AXIS2_PLACEMENT_3D('Circle Axis2P3D',#3231,#3232,$) ;
#3365=AXIS2_PLACEMENT_3D('Torus Axis2P3D',#3362,#3363,#3364) ;
#3369=AXIS2_PLACEMENT_3D('Circle Axis2P3D',#3367,#3368,$) ;
#3376=AXIS2_PLACEMENT_3D('Circle Axis2P3D',#3374,#3375,$) ;
#3504=AXIS2_PLACEMENT_3D('Plane Axis2P3D',#3501,#3502,#3503) ;
#3535=AXIS2_PLACEMENT_3D('Plane Axis2P3D',#3532,#3533,#3534) ;
#3552=AXIS2_PLACEMENT_3D('Plane Axis2P3D',#3549,#3550,#3551) ;
#3569=AXIS2_PLACEMENT_3D('Sphere Axis2P3D',#3566,#3567,#3568) ;
#3573=AXIS2_PLACEMENT_3D('Circle Axis2P3D',#3571,#3572,$) ;
#3580=AXIS2_PLACEMENT_3D('Circle Axis2P3D',#3578,#3579,$) ;
#3602=AXIS2_PLACEMENT_3D('Sphere Axis2P3D',#3599,#3600,#3601) ;
#3606=AXIS2_PLACEMENT_3D('Circle Axis2P3D',#3604,#3605,$) ;
#3613=AXIS2_PLACEMENT_3D('Circle Axis2P3D',#3611,#3612,$) ;
#3626=AXIS2_PLACEMENT_3D('Circle Axis2P3D',#3624,#3625,$) ;
#3639=AXIS2_PLACEMENT_3D('Circle Axis2P3D',#3637,#3638,$) ;
#3646=AXIS2_PLACEMENT_3D('Circle Axis2P3D',#3644,#3645,$) ;
#3663=AXIS2_PLACEMENT_3D('Circle Axis2P3D',#3661,#3662,$) ;
#3681=AXIS2_PLACEMENT_3D('Torus Axis2P3D',#3678,#3679,#3680) ;
#3685=AXIS2_PLACEMENT_3D('Circle Axis2P3D',#3683,#3684,$) ;
#3692=AXIS2_PLACEMENT_3D('Circle Axis2P3D',#3690,#3691,$) ;
#3705=AXIS2_PLACEMENT_3D('Torus Axis2P3D',#3702,#3703,#3704) ;
#3709=AXIS2_PLACEMENT_3D('Circle Axis2P3D',#3707,#3708,$) ;
#3722=AXIS2_PLACEMENT_3D('Plane Axis2P3D',#3719,#3720,#3721) ;
#3740=AXIS2_PLACEMENT_3D('Cylinder Axis2P3D',#3737,#3738,#3739) ;
#3757=AXIS2_PLACEMENT_3D('Plane Axis2P3D',#3754,#3755,#3756) ;
#3761=AXIS2_PLACEMENT_3D('Circle Axis2P3D',#3759,#3760,$) ;
#3830=AXIS2_PLACEMENT_3D('Cylinder Axis2P3D',#3827,#3828,#3829) ;
#3834=AXIS2_PLACEMENT_3D('Circle Axis2P3D',#3832,#3833,$) ;
#3847=AXIS2_PLACEMENT_3D('Plane Axis2P3D',#3844,#3845,#3846) ;
#3913=AXIS2_PLACEMENT_3D('Plane Axis2P3D',#3910,#3911,#3912) ;
#3939=AXIS2_PLACEMENT_3D('Circle Axis2P3D',#3937,#3938,$) ;
#3944=AXIS2_PLACEMENT_3D('Circle Axis2P3D',#3942,#3943,$) ;
#3988=AXIS2_PLACEMENT_3D('Plane Axis2P3D',#3985,#3986,#3987) ;
#40=PRODUCT_DEFINITION_SHAPE(' ',' ',#14) ;
#31=APPROVAL_PERSON_ORGANIZATION(#25,#21,#19) ;
#25=PERSON_AND_ORGANIZATION(#22,#23) ;
#22=PERSON(' ',' ',' ',$,$,$) ;
#23=ORGANIZATION(' ',' ',' ') ;
#21=APPROVAL(#20,' ') ;
#20=APPROVAL_STATUS('not_yet_approved') ;
#19=APPROVAL_ROLE('APPROVER') ;
#13=DATE_AND_TIME(#11,#12) ;
#12=LOCAL_TIME(23,40,12.,#10) ;
#10=COORDINATED_UNIVERSAL_TIME_OFFSET(0,0,.AHEAD.) ;
#91=ORIENTED_EDGE('',*,*,#70,.F.) ;
#92=ORIENTED_EDGE('',*,*,#77,.F.) ;
#93=ORIENTED_EDGE('',*,*,#84,.T.) ;
#94=ORIENTED_EDGE('',*,*,#89,.F.) ;
#122=ORIENTED_EDGE('',*,*,#108,.T.) ;
#123=ORIENTED_EDGE('',*,*,#115,.T.) ;
#124=ORIENTED_EDGE('',*,*,#120,.F.) ;
#125=ORIENTED_EDGE('',*,*,#84,.F.) ;
#188=ORIENTED_EDGE('',*,*,#141,.T.) ;
#189=ORIENTED_EDGE('',*,*,#148,.F.) ;
#190=ORIENTED_EDGE('',*,*,#155,.F.) ;
#191=ORIENTED_EDGE('',*,*,#162,.F.) ;
#192=ORIENTED_EDGE('',*,*,#167,.T.) ;
#193=ORIENTED_EDGE('',*,*,#77,.T.) ;
#194=ORIENTED_EDGE('',*,*,#174,.F.) ;
#195=ORIENTED_EDGE('',*,*,#181,.F.) ;
#196=ORIENTED_EDGE('',*,*,#186,.T.) ;
#217=ORIENTED_EDGE('',*,*,#210,.F.) ;
#218=ORIENTED_EDGE('',*,*,#174,.T.) ;
#219=ORIENTED_EDGE('',*,*,#70,.T.) ;
#220=ORIENTED_EDGE('',*,*,#215,.T.) ;
#257=ORIENTED_EDGE('',*,*,#236,.F.) ;
#258=ORIENTED_EDGE('',*,*,#243,.T.) ;
#259=ORIENTED_EDGE('',*,*,#250,.F.) ;
#260=ORIENTED_EDGE('',*,*,#255,.F.) ;
#288=ORIENTED_EDGE('',*,*,#274,.T.) ;
#289=ORIENTED_EDGE('',*,*,#281,.F.) ;
#290=ORIENTED_EDGE('',*,*,#286,.T.) ;
#291=ORIENTED_EDGE('',*,*,#236,.T.) ;
#319=ORIENTED_EDGE('',*,*,#305,.F.) ;
#320=ORIENTED_EDGE('',*,*,#281,.T.) ;
#321=ORIENTED_EDGE('',*,*,#312,.T.) ;
#322=ORIENTED_EDGE('',*,*,#317,.T.) ;
#350=ORIENTED_EDGE('',*,*,#317,.F.) ;
#351=ORIENTED_EDGE('',*,*,#336,.F.) ;
#352=ORIENTED_EDGE('',*,*,#343,.T.) ;
#353=ORIENTED_EDGE('',*,*,#348,.F.) ;
#381=ORIENTED_EDGE('',*,*,#367,.F.) ;
#382=ORIENTED_EDGE('',*,*,#343,.F.) ;
#383=ORIENTED_EDGE('',*,*,#374,.T.) ;
#384=ORIENTED_EDGE('',*,*,#379,.T.) ;
#412=ORIENTED_EDGE('',*,*,#379,.F.) ;
#413=ORIENTED_EDGE('',*,*,#398,.F.) ;
#414=ORIENTED_EDGE('',*,*,#405,.T.) ;
#415=ORIENTED_EDGE('',*,*,#410,.F.) ;
#443=ORIENTED_EDGE('',*,*,#429,.F.) ;
#444=ORIENTED_EDGE('',*,*,#405,.F.) ;
#445=ORIENTED_EDGE('',*,*,#436,.T.) ;
#446=ORIENTED_EDGE('',*,*,#441,.T.) ;
#474=ORIENTED_EDGE('',*,*,#441,.F.) ;
#475=ORIENTED_EDGE('',*,*,#460,.F.) ;
#476=ORIENTED_EDGE('',*,*,#467,.T.) ;
#477=ORIENTED_EDGE('',*,*,#472,.F.) ;
#505=ORIENTED_EDGE('',*,*,#491,.F.) ;
#506=ORIENTED_EDGE('',*,*,#467,.F.) ;
#507=ORIENTED_EDGE('',*,*,#498,.T.) ;
#508=ORIENTED_EDGE('',*,*,#503,.T.) ;
#536=ORIENTED_EDGE('',*,*,#503,.F.) ;
#537=ORIENTED_EDGE('',*,*,#522,.F.) ;
#538=ORIENTED_EDGE('',*,*,#529,.T.) ;
#539=ORIENTED_EDGE('',*,*,#534,.F.) ;
#567=ORIENTED_EDGE('',*,*,#553,.F.) ;
#568=ORIENTED_EDGE('',*,*,#529,.F.) ;
#569=ORIENTED_EDGE('',*,*,#560,.T.) ;
#570=ORIENTED_EDGE('',*,*,#565,.F.) ;
#598=ORIENTED_EDGE('',*,*,#584,.T.) ;
#599=ORIENTED_EDGE('',*,*,#591,.F.) ;
#600=ORIENTED_EDGE('',*,*,#596,.T.) ;
#601=ORIENTED_EDGE('',*,*,#565,.T.) ;
#629=ORIENTED_EDGE('',*,*,#591,.T.) ;
#630=ORIENTED_EDGE('',*,*,#615,.T.) ;
#631=ORIENTED_EDGE('',*,*,#622,.T.) ;
#632=ORIENTED_EDGE('',*,*,#627,.F.) ;
#669=ORIENTED_EDGE('',*,*,#648,.T.) ;
#670=ORIENTED_EDGE('',*,*,#655,.T.) ;
#671=ORIENTED_EDGE('',*,*,#662,.F.) ;
#672=ORIENTED_EDGE('',*,*,#667,.F.) ;
#700=ORIENTED_EDGE('',*,*,#686,.T.) ;
#701=ORIENTED_EDGE('',*,*,#693,.T.) ;
#702=ORIENTED_EDGE('',*,*,#698,.F.) ;
#703=ORIENTED_EDGE('',*,*,#655,.F.) ;
#731=ORIENTED_EDGE('',*,*,#717,.T.) ;
#732=ORIENTED_EDGE('',*,*,#724,.T.) ;
#733=ORIENTED_EDGE('',*,*,#729,.F.) ;
#734=ORIENTED_EDGE('',*,*,#693,.F.) ;
#762=ORIENTED_EDGE('',*,*,#748,.T.) ;
#763=ORIENTED_EDGE('',*,*,#755,.T.) ;
#764=ORIENTED_EDGE('',*,*,#760,.F.) ;
#765=ORIENTED_EDGE('',*,*,#724,.F.) ;
#793=ORIENTED_EDGE('',*,*,#779,.T.) ;
#794=ORIENTED_EDGE('',*,*,#786,.T.) ;
#795=ORIENTED_EDGE('',*,*,#791,.F.) ;
#796=ORIENTED_EDGE('',*,*,#755,.F.) ;
#824=ORIENTED_EDGE('',*,*,#812,.T.) ;
#825=ORIENTED_EDGE('',*,*,#817,.F.) ;
#826=ORIENTED_EDGE('',*,*,#786,.F.) ;
#827=ORIENTED_EDGE('',*,*,#822,.T.) ;
#850=ORIENTED_EDGE('',*,*,#836,.F.) ;
#851=ORIENTED_EDGE('',*,*,#812,.F.) ;
#852=ORIENTED_EDGE('',*,*,#843,.F.) ;
#853=ORIENTED_EDGE('',*,*,#848,.T.) ;
#881=ORIENTED_EDGE('',*,*,#867,.F.) ;
#882=ORIENTED_EDGE('',*,*,#874,.T.) ;
#883=ORIENTED_EDGE('',*,*,#879,.T.) ;
#884=ORIENTED_EDGE('',*,*,#848,.F.) ;
#912=ORIENTED_EDGE('',*,*,#874,.F.) ;
#913=ORIENTED_EDGE('',*,*,#898,.T.) ;
#914=ORIENTED_EDGE('',*,*,#905,.T.) ;
#915=ORIENTED_EDGE('',*,*,#910,.T.) ;
#938=ORIENTED_EDGE('',*,*,#905,.F.) ;
#939=ORIENTED_EDGE('',*,*,#924,.T.) ;
#940=ORIENTED_EDGE('',*,*,#931,.T.) ;
#941=ORIENTED_EDGE('',*,*,#936,.F.) ;
#969=ORIENTED_EDGE('',*,*,#955,.T.) ;
#970=ORIENTED_EDGE('',*,*,#962,.T.) ;
#971=ORIENTED_EDGE('',*,*,#967,.F.) ;
#972=ORIENTED_EDGE('',*,*,#931,.F.) ;
#1000=ORIENTED_EDGE('',*,*,#988,.T.) ;
#1001=ORIENTED_EDGE('',*,*,#993,.F.) ;
#1002=ORIENTED_EDGE('',*,*,#962,.F.) ;
#1003=ORIENTED_EDGE('',*,*,#998,.T.) ;
#1035=ORIENTED_EDGE('',*,*,#1014,.F.) ;
#1036=ORIENTED_EDGE('',*,*,#1021,.T.) ;
#1037=ORIENTED_EDGE('',*,*,#1028,.T.) ;
#1038=ORIENTED_EDGE('',*,*,#1033,.F.) ;
#1064=ORIENTED_EDGE('',*,*,#1050,.T.) ;
#1065=ORIENTED_EDGE('',*,*,#1057,.T.) ;
#1066=ORIENTED_EDGE('',*,*,#1062,.F.) ;
#1067=ORIENTED_EDGE('',*,*,#1028,.F.) ;
#1083=ORIENTED_EDGE('',*,*,#1076,.T.) ;
#1084=ORIENTED_EDGE('',*,*,#1081,.F.) ;
#1085=ORIENTED_EDGE('',*,*,#1057,.F.) ;
#1086=ORIENTED_EDGE('',*,*,#141,.F.) ;
#1102=ORIENTED_EDGE('',*,*,#1095,.F.) ;
#1103=ORIENTED_EDGE('',*,*,#1076,.F.) ;
#1104=ORIENTED_EDGE('',*,*,#186,.F.) ;
#1105=ORIENTED_EDGE('',*,*,#1100,.T.) ;
#1119=ORIENTED_EDGE('',*,*,#210,.T.) ;
#1120=ORIENTED_EDGE('',*,*,#1117,.F.) ;
#1121=ORIENTED_EDGE('',*,*,#1100,.F.) ;
#1122=ORIENTED_EDGE('',*,*,#181,.T.) ;
#1150=ORIENTED_EDGE('',*,*,#1136,.T.) ;
#1151=ORIENTED_EDGE('',*,*,#1143,.T.) ;
#1152=ORIENTED_EDGE('',*,*,#1148,.F.) ;
#1153=ORIENTED_EDGE('',*,*,#115,.F.) ;
#1181=ORIENTED_EDGE('',*,*,#1167,.T.) ;
#1182=ORIENTED_EDGE('',*,*,#1174,.T.) ;
#1183=ORIENTED_EDGE('',*,*,#1179,.F.) ;
#1184=ORIENTED_EDGE('',*,*,#1143,.F.) ;
#1212=ORIENTED_EDGE('',*,*,#1198,.T.) ;
#1213=ORIENTED_EDGE('',*,*,#1205,.T.) ;
#1214=ORIENTED_EDGE('',*,*,#1210,.F.) ;
#1215=ORIENTED_EDGE('',*,*,#1174,.F.) ;
#1243=ORIENTED_EDGE('',*,*,#1229,.T.) ;
#1244=ORIENTED_EDGE('',*,*,#1236,.T.) ;
#1245=ORIENTED_EDGE('',*,*,#1241,.F.) ;
#1246=ORIENTED_EDGE('',*,*,#1205,.F.) ;
#1283=ORIENTED_EDGE('',*,*,#1262,.F.) ;
#1284=ORIENTED_EDGE('',*,*,#1269,.F.) ;
#1285=ORIENTED_EDGE('',*,*,#1276,.T.) ;
#1286=ORIENTED_EDGE('',*,*,#1281,.T.) ;
#1300=ORIENTED_EDGE('',*,*,#1293,.F.) ;
#1301=ORIENTED_EDGE('',*,*,#1281,.F.) ;
#1302=ORIENTED_EDGE('',*,*,#1298,.T.) ;
#1303=ORIENTED_EDGE('',*,*,#1269,.T.) ;
#1340=ORIENTED_EDGE('',*,*,#1319,.F.) ;
#1341=ORIENTED_EDGE('',*,*,#1326,.F.) ;
#1342=ORIENTED_EDGE('',*,*,#1333,.T.) ;
#1343=ORIENTED_EDGE('',*,*,#1338,.T.) ;
#1357=ORIENTED_EDGE('',*,*,#1350,.F.) ;
#1358=ORIENTED_EDGE('',*,*,#1338,.F.) ;
#1359=ORIENTED_EDGE('',*,*,#1355,.T.) ;
#1360=ORIENTED_EDGE('',*,*,#1326,.T.) ;
#1397=ORIENTED_EDGE('',*,*,#1376,.F.) ;
#1398=ORIENTED_EDGE('',*,*,#1383,.F.) ;
#1399=ORIENTED_EDGE('',*,*,#1390,.T.) ;
#1400=ORIENTED_EDGE('',*,*,#1395,.T.) ;
#1414=ORIENTED_EDGE('',*,*,#1407,.F.) ;
#1415=ORIENTED_EDGE('',*,*,#1395,.F.) ;
#1416=ORIENTED_EDGE('',*,*,#1412,.T.) ;
#1417=ORIENTED_EDGE('',*,*,#1383,.T.) ;
#1454=ORIENTED_EDGE('',*,*,#1433,.F.) ;
#1455=ORIENTED_EDGE('',*,*,#1440,.F.) ;
#1456=ORIENTED_EDGE('',*,*,#1447,.T.) ;
#1457=ORIENTED_EDGE('',*,*,#1452,.T.) ;
#1471=ORIENTED_EDGE('',*,*,#1464,.F.) ;
#1472=ORIENTED_EDGE('',*,*,#1452,.F.) ;
#1473=ORIENTED_EDGE('',*,*,#1469,.T.) ;
#1474=ORIENTED_EDGE('',*,*,#1440,.T.) ;
#1501=ORIENTED_EDGE('',*,*,#167,.F.) ;
#1502=ORIENTED_EDGE('',*,*,#1494,.F.) ;
#1503=ORIENTED_EDGE('',*,*,#1499,.T.) ;
#1504=ORIENTED_EDGE('',*,*,#108,.F.) ;
#1531=ORIENTED_EDGE('',*,*,#1518,.F.) ;
#1532=ORIENTED_EDGE('',*,*,#1529,.F.) ;
#1533=ORIENTED_EDGE('',*,*,#148,.T.) ;
#1534=ORIENTED_EDGE('',*,*,#1050,.F.) ;
#1569=ORIENTED_EDGE('',*,*,#1548,.F.) ;
#1570=ORIENTED_EDGE('',*,*,#162,.T.) ;
#1571=ORIENTED_EDGE('',*,*,#155,.T.) ;
#1572=ORIENTED_EDGE('',*,*,#1555,.T.) ;
#1573=ORIENTED_EDGE('',*,*,#1562,.F.) ;
#1574=ORIENTED_EDGE('',*,*,#1567,.F.) ;
#1605=ORIENTED_EDGE('',*,*,#1588,.T.) ;
#1606=ORIENTED_EDGE('',*,*,#1598,.F.) ;
#1607=ORIENTED_EDGE('',*,*,#1603,.F.) ;
#1608=ORIENTED_EDGE('',*,*,#648,.F.) ;
#1629=ORIENTED_EDGE('',*,*,#686,.F.) ;
#1630=ORIENTED_EDGE('',*,*,#1603,.T.) ;
#1631=ORIENTED_EDGE('',*,*,#1622,.F.) ;
#1632=ORIENTED_EDGE('',*,*,#1627,.F.) ;
#1659=ORIENTED_EDGE('',*,*,#717,.F.) ;
#1660=ORIENTED_EDGE('',*,*,#1627,.T.) ;
#1661=ORIENTED_EDGE('',*,*,#1652,.F.) ;
#1662=ORIENTED_EDGE('',*,*,#1657,.F.) ;
#1683=ORIENTED_EDGE('',*,*,#1657,.T.) ;
#1684=ORIENTED_EDGE('',*,*,#1676,.F.) ;
#1685=ORIENTED_EDGE('',*,*,#1681,.F.) ;
#1686=ORIENTED_EDGE('',*,*,#748,.F.) ;
#1713=ORIENTED_EDGE('',*,*,#1681,.T.) ;
#1714=ORIENTED_EDGE('',*,*,#1706,.F.) ;
#1715=ORIENTED_EDGE('',*,*,#1711,.F.) ;
#1716=ORIENTED_EDGE('',*,*,#779,.F.) ;
#1744=ORIENTED_EDGE('',*,*,#822,.F.) ;
#1745=ORIENTED_EDGE('',*,*,#1711,.T.) ;
#1746=ORIENTED_EDGE('',*,*,#1730,.F.) ;
#1747=ORIENTED_EDGE('',*,*,#1737,.F.) ;
#1748=ORIENTED_EDGE('',*,*,#1742,.F.) ;
#1749=ORIENTED_EDGE('',*,*,#924,.F.) ;
#1750=ORIENTED_EDGE('',*,*,#898,.F.) ;
#1751=ORIENTED_EDGE('',*,*,#867,.T.) ;
#1752=ORIENTED_EDGE('',*,*,#843,.T.) ;
#1782=ORIENTED_EDGE('',*,*,#1742,.T.) ;
#1783=ORIENTED_EDGE('',*,*,#1775,.F.) ;
#1784=ORIENTED_EDGE('',*,*,#1780,.F.) ;
#1785=ORIENTED_EDGE('',*,*,#955,.F.) ;
#1825=ORIENTED_EDGE('',*,*,#998,.F.) ;
#1826=ORIENTED_EDGE('',*,*,#1780,.T.) ;
#1827=ORIENTED_EDGE('',*,*,#1799,.F.) ;
#1828=ORIENTED_EDGE('',*,*,#1804,.F.) ;
#1829=ORIENTED_EDGE('',*,*,#1518,.T.) ;
#1830=ORIENTED_EDGE('',*,*,#1021,.F.) ;
#1831=ORIENTED_EDGE('',*,*,#1811,.F.) ;
#1832=ORIENTED_EDGE('',*,*,#1818,.F.) ;
#1833=ORIENTED_EDGE('',*,*,#1823,.T.) ;
#1849=ORIENTED_EDGE('',*,*,#1499,.F.) ;
#1850=ORIENTED_EDGE('',*,*,#1842,.F.) ;
#1851=ORIENTED_EDGE('',*,*,#1847,.F.) ;
#1852=ORIENTED_EDGE('',*,*,#1136,.F.) ;
#1879=ORIENTED_EDGE('',*,*,#1167,.F.) ;
#1880=ORIENTED_EDGE('',*,*,#1847,.T.) ;
#1881=ORIENTED_EDGE('',*,*,#1872,.F.) ;
#1882=ORIENTED_EDGE('',*,*,#1877,.F.) ;
#1903=ORIENTED_EDGE('',*,*,#1198,.F.) ;
#1904=ORIENTED_EDGE('',*,*,#1877,.T.) ;
#1905=ORIENTED_EDGE('',*,*,#1896,.F.) ;
#1906=ORIENTED_EDGE('',*,*,#1901,.T.) ;
#1930=ORIENTED_EDGE('',*,*,#1901,.F.) ;
#1931=ORIENTED_EDGE('',*,*,#1923,.F.) ;
#1932=ORIENTED_EDGE('',*,*,#1928,.T.) ;
#1933=ORIENTED_EDGE('',*,*,#1229,.F.) ;
#2046=ORIENTED_EDGE('',*,*,#2027,.T.) ;
#2047=ORIENTED_EDGE('',*,*,#1494,.T.) ;
#2048=ORIENTED_EDGE('',*,*,#1548,.T.) ;
#2049=ORIENTED_EDGE('',*,*,#2044,.F.) ;
#2134=ORIENTED_EDGE('',*,*,#1555,.F.) ;
#2135=ORIENTED_EDGE('',*,*,#1529,.T.) ;
#2136=ORIENTED_EDGE('',*,*,#2115,.T.) ;
#2137=ORIENTED_EDGE('',*,*,#2132,.F.) ;
#2177=ORIENTED_EDGE('',*,*,#2153,.F.) ;
#2178=ORIENTED_EDGE('',*,*,#2160,.T.) ;
#2179=ORIENTED_EDGE('',*,*,#2170,.T.) ;
#2180=ORIENTED_EDGE('',*,*,#2175,.F.) ;
#2209=ORIENTED_EDGE('',*,*,#2160,.F.) ;
#2210=ORIENTED_EDGE('',*,*,#2194,.F.) ;
#2211=ORIENTED_EDGE('',*,*,#2201,.T.) ;
#2212=ORIENTED_EDGE('',*,*,#2207,.F.) ;
#2246=ORIENTED_EDGE('',*,*,#2201,.F.) ;
#2247=ORIENTED_EDGE('',*,*,#2226,.F.) ;
#2248=ORIENTED_EDGE('',*,*,#2233,.T.) ;
#2249=ORIENTED_EDGE('',*,*,#2244,.F.) ;
#2278=ORIENTED_EDGE('',*,*,#2263,.T.) ;
#2279=ORIENTED_EDGE('',*,*,#2270,.T.) ;
#2280=ORIENTED_EDGE('',*,*,#2276,.F.) ;
#2281=ORIENTED_EDGE('',*,*,#2233,.F.) ;
#2312=ORIENTED_EDGE('',*,*,#2298,.F.) ;
#2313=ORIENTED_EDGE('',*,*,#2270,.F.) ;
#2314=ORIENTED_EDGE('',*,*,#2305,.T.) ;
#2315=ORIENTED_EDGE('',*,*,#2310,.T.) ;
#2352=ORIENTED_EDGE('',*,*,#2310,.F.) ;
#2353=ORIENTED_EDGE('',*,*,#2329,.T.) ;
#2354=ORIENTED_EDGE('',*,*,#2336,.T.) ;
#2355=ORIENTED_EDGE('',*,*,#2344,.T.) ;
#2356=ORIENTED_EDGE('',*,*,#2350,.T.) ;
#2390=ORIENTED_EDGE('',*,*,#2376,.T.) ;
#2391=ORIENTED_EDGE('',*,*,#2336,.F.) ;
#2392=ORIENTED_EDGE('',*,*,#2383,.T.) ;
#2393=ORIENTED_EDGE('',*,*,#2388,.T.) ;
#2436=ORIENTED_EDGE('',*,*,#2415,.T.) ;
#2437=ORIENTED_EDGE('',*,*,#2422,.F.) ;
#2438=ORIENTED_EDGE('',*,*,#2429,.T.) ;
#2439=ORIENTED_EDGE('',*,*,#2434,.T.) ;
#2476=ORIENTED_EDGE('',*,*,#2455,.T.) ;
#2477=ORIENTED_EDGE('',*,*,#2463,.T.) ;
#2478=ORIENTED_EDGE('',*,*,#2469,.T.) ;
#2479=ORIENTED_EDGE('',*,*,#2434,.F.) ;
#2480=ORIENTED_EDGE('',*,*,#2474,.F.) ;
#2511=ORIENTED_EDGE('',*,*,#2494,.F.) ;
#2512=ORIENTED_EDGE('',*,*,#2501,.T.) ;
#2513=ORIENTED_EDGE('',*,*,#2509,.T.) ;
#2514=ORIENTED_EDGE('',*,*,#2455,.F.) ;
#2538=ORIENTED_EDGE('',*,*,#2525,.T.) ;
#2539=ORIENTED_EDGE('',*,*,#2531,.F.) ;
#2540=ORIENTED_EDGE('',*,*,#2501,.F.) ;
#2541=ORIENTED_EDGE('',*,*,#2536,.T.) ;
#2575=ORIENTED_EDGE('',*,*,#2525,.F.) ;
#2576=ORIENTED_EDGE('',*,*,#2555,.F.) ;
#2577=ORIENTED_EDGE('',*,*,#2562,.T.) ;
#2578=ORIENTED_EDGE('',*,*,#2573,.F.) ;
#2607=ORIENTED_EDGE('',*,*,#2562,.F.) ;
#2608=ORIENTED_EDGE('',*,*,#2592,.F.) ;
#2609=ORIENTED_EDGE('',*,*,#2599,.T.) ;
#2610=ORIENTED_EDGE('',*,*,#2605,.F.) ;
#2641=ORIENTED_EDGE('',*,*,#2627,.T.) ;
#2642=ORIENTED_EDGE('',*,*,#2599,.F.) ;
#2643=ORIENTED_EDGE('',*,*,#2634,.T.) ;
#2644=ORIENTED_EDGE('',*,*,#2639,.T.) ;
#2766=ORIENTED_EDGE('',*,*,#2738,.F.) ;
#2767=ORIENTED_EDGE('',*,*,#1598,.T.) ;
#2768=ORIENTED_EDGE('',*,*,#2747,.T.) ;
#2769=ORIENTED_EDGE('',*,*,#2764,.F.) ;
#2790=ORIENTED_EDGE('',*,*,#2783,.F.) ;
#2791=ORIENTED_EDGE('',*,*,#1622,.T.) ;
#2792=ORIENTED_EDGE('',*,*,#2738,.T.) ;
#2793=ORIENTED_EDGE('',*,*,#2788,.T.) ;
#2906=ORIENTED_EDGE('',*,*,#2887,.T.) ;
#2907=ORIENTED_EDGE('',*,*,#1652,.T.) ;
#2908=ORIENTED_EDGE('',*,*,#2783,.T.) ;
#2909=ORIENTED_EDGE('',*,*,#2904,.T.) ;
#2930=ORIENTED_EDGE('',*,*,#2923,.F.) ;
#2931=ORIENTED_EDGE('',*,*,#1676,.T.) ;
#2932=ORIENTED_EDGE('',*,*,#2887,.F.) ;
#2933=ORIENTED_EDGE('',*,*,#2928,.F.) ;
#3045=ORIENTED_EDGE('',*,*,#3026,.T.) ;
#3046=ORIENTED_EDGE('',*,*,#1706,.T.) ;
#3047=ORIENTED_EDGE('',*,*,#2923,.T.) ;
#3048=ORIENTED_EDGE('',*,*,#3043,.F.) ;
#3076=ORIENTED_EDGE('',*,*,#3062,.F.) ;
#3077=ORIENTED_EDGE('',*,*,#3069,.F.) ;
#3078=ORIENTED_EDGE('',*,*,#3074,.F.) ;
#3079=ORIENTED_EDGE('',*,*,#1737,.T.) ;
#3080=ORIENTED_EDGE('',*,*,#1730,.T.) ;
#3081=ORIENTED_EDGE('',*,*,#3026,.F.) ;
#3187=ORIENTED_EDGE('',*,*,#3165,.T.) ;
#3188=ORIENTED_EDGE('',*,*,#1775,.T.) ;
#3189=ORIENTED_EDGE('',*,*,#3074,.T.) ;
#3190=ORIENTED_EDGE('',*,*,#3185,.F.) ;
#3211=ORIENTED_EDGE('',*,*,#2115,.F.) ;
#3212=ORIENTED_EDGE('',*,*,#1804,.T.) ;
#3213=ORIENTED_EDGE('',*,*,#1799,.T.) ;
#3214=ORIENTED_EDGE('',*,*,#3165,.F.) ;
#3215=ORIENTED_EDGE('',*,*,#3204,.F.) ;
#3216=ORIENTED_EDGE('',*,*,#3209,.F.) ;
#3237=ORIENTED_EDGE('',*,*,#3230,.F.) ;
#3238=ORIENTED_EDGE('',*,*,#1842,.T.) ;
#3239=ORIENTED_EDGE('',*,*,#2027,.F.) ;
#3240=ORIENTED_EDGE('',*,*,#3235,.F.) ;
#3356=ORIENTED_EDGE('',*,*,#3334,.F.) ;
#3357=ORIENTED_EDGE('',*,*,#1872,.T.) ;
#3358=ORIENTED_EDGE('',*,*,#3230,.T.) ;
#3359=ORIENTED_EDGE('',*,*,#3354,.T.) ;
#3380=ORIENTED_EDGE('',*,*,#3373,.F.) ;
#3381=ORIENTED_EDGE('',*,*,#1896,.T.) ;
#3382=ORIENTED_EDGE('',*,*,#3334,.T.) ;
#3383=ORIENTED_EDGE('',*,*,#3378,.T.) ;
#3495=ORIENTED_EDGE('',*,*,#3476,.F.) ;
#3496=ORIENTED_EDGE('',*,*,#1923,.T.) ;
#3497=ORIENTED_EDGE('',*,*,#3373,.T.) ;
#3498=ORIENTED_EDGE('',*,*,#3493,.F.) ;
#3526=ORIENTED_EDGE('',*,*,#3512,.T.) ;
#3527=ORIENTED_EDGE('',*,*,#3519,.F.) ;
#3528=ORIENTED_EDGE('',*,*,#3524,.F.) ;
#3529=ORIENTED_EDGE('',*,*,#1818,.T.) ;
#3543=ORIENTED_EDGE('',*,*,#3541,.T.) ;
#3544=ORIENTED_EDGE('',*,*,#988,.F.) ;
#3545=ORIENTED_EDGE('',*,*,#1823,.F.) ;
#3546=ORIENTED_EDGE('',*,*,#3524,.T.) ;
#3560=ORIENTED_EDGE('',*,*,#3512,.F.) ;
#3561=ORIENTED_EDGE('',*,*,#1811,.T.) ;
#3562=ORIENTED_EDGE('',*,*,#1014,.T.) ;
#3563=ORIENTED_EDGE('',*,*,#3558,.F.) ;
#3592=ORIENTED_EDGE('',*,*,#2415,.F.) ;
#3593=ORIENTED_EDGE('',*,*,#2469,.F.) ;
#3594=ORIENTED_EDGE('',*,*,#3577,.T.) ;
#3595=ORIENTED_EDGE('',*,*,#3584,.F.) ;
#3596=ORIENTED_EDGE('',*,*,#3590,.T.) ;
#3617=ORIENTED_EDGE('',*,*,#3610,.F.) ;
#3618=ORIENTED_EDGE('',*,*,#1562,.T.) ;
#3619=ORIENTED_EDGE('',*,*,#2132,.T.) ;
#3620=ORIENTED_EDGE('',*,*,#3209,.T.) ;
#3621=ORIENTED_EDGE('',*,*,#3615,.T.) ;
#3630=ORIENTED_EDGE('',*,*,#3615,.F.) ;
#3631=ORIENTED_EDGE('',*,*,#3204,.T.) ;
#3632=ORIENTED_EDGE('',*,*,#3185,.T.) ;
#3633=ORIENTED_EDGE('',*,*,#3069,.T.) ;
#3634=ORIENTED_EDGE('',*,*,#3628,.T.) ;
#3650=ORIENTED_EDGE('',*,*,#3610,.T.) ;
#3651=ORIENTED_EDGE('',*,*,#3643,.T.) ;
#3652=ORIENTED_EDGE('',*,*,#3648,.F.) ;
#3653=ORIENTED_EDGE('',*,*,#3493,.T.) ;
#3654=ORIENTED_EDGE('',*,*,#3378,.F.) ;
#3655=ORIENTED_EDGE('',*,*,#3354,.F.) ;
#3656=ORIENTED_EDGE('',*,*,#3235,.T.) ;
#3657=ORIENTED_EDGE('',*,*,#2044,.T.) ;
#3658=ORIENTED_EDGE('',*,*,#1567,.T.) ;
#3667=ORIENTED_EDGE('',*,*,#3628,.F.) ;
#3668=ORIENTED_EDGE('',*,*,#3062,.T.) ;
#3669=ORIENTED_EDGE('',*,*,#3043,.T.) ;
#3670=ORIENTED_EDGE('',*,*,#2928,.T.) ;
#3671=ORIENTED_EDGE('',*,*,#2904,.F.) ;
#3672=ORIENTED_EDGE('',*,*,#2788,.F.) ;
#3673=ORIENTED_EDGE('',*,*,#2764,.T.) ;
#3674=ORIENTED_EDGE('',*,*,#3665,.F.) ;
#3675=ORIENTED_EDGE('',*,*,#3643,.F.) ;
#3696=ORIENTED_EDGE('',*,*,#3689,.T.) ;
#3697=ORIENTED_EDGE('',*,*,#3476,.T.) ;
#3698=ORIENTED_EDGE('',*,*,#3648,.T.) ;
#3699=ORIENTED_EDGE('',*,*,#3694,.F.) ;
#3713=ORIENTED_EDGE('',*,*,#3711,.T.) ;
#3714=ORIENTED_EDGE('',*,*,#3694,.T.) ;
#3715=ORIENTED_EDGE('',*,*,#3665,.T.) ;
#3716=ORIENTED_EDGE('',*,*,#2747,.F.) ;
#3730=ORIENTED_EDGE('',*,*,#1928,.F.) ;
#3731=ORIENTED_EDGE('',*,*,#3689,.F.) ;
#3732=ORIENTED_EDGE('',*,*,#3711,.F.) ;
#3733=ORIENTED_EDGE('',*,*,#1588,.F.) ;
#3734=ORIENTED_EDGE('',*,*,#3728,.F.) ;
#3748=ORIENTED_EDGE('',*,*,#667,.T.) ;
#3749=ORIENTED_EDGE('',*,*,#3746,.F.) ;
#3750=ORIENTED_EDGE('',*,*,#1236,.F.) ;
#3751=ORIENTED_EDGE('',*,*,#3728,.T.) ;
#3765=ORIENTED_EDGE('',*,*,#3763,.T.) ;
#3766=ORIENTED_EDGE('',*,*,#243,.F.) ;
#3767=ORIENTED_EDGE('',*,*,#286,.F.) ;
#3768=ORIENTED_EDGE('',*,*,#305,.T.) ;
#3769=ORIENTED_EDGE('',*,*,#348,.T.) ;
#3770=ORIENTED_EDGE('',*,*,#367,.T.) ;
#3771=ORIENTED_EDGE('',*,*,#410,.T.) ;
#3772=ORIENTED_EDGE('',*,*,#429,.T.) ;
#3773=ORIENTED_EDGE('',*,*,#472,.T.) ;
#3774=ORIENTED_EDGE('',*,*,#491,.T.) ;
#3775=ORIENTED_EDGE('',*,*,#534,.T.) ;
#3776=ORIENTED_EDGE('',*,*,#553,.T.) ;
#3777=ORIENTED_EDGE('',*,*,#596,.F.) ;
#3778=ORIENTED_EDGE('',*,*,#627,.T.) ;
#3781=ORIENTED_EDGE('',*,*,#1469,.F.) ;
#3782=ORIENTED_EDGE('',*,*,#1447,.F.) ;
#3785=ORIENTED_EDGE('',*,*,#1117,.T.) ;
#3786=ORIENTED_EDGE('',*,*,#215,.F.) ;
#3787=ORIENTED_EDGE('',*,*,#89,.T.) ;
#3788=ORIENTED_EDGE('',*,*,#120,.T.) ;
#3789=ORIENTED_EDGE('',*,*,#1148,.T.) ;
#3790=ORIENTED_EDGE('',*,*,#1179,.T.) ;
#3791=ORIENTED_EDGE('',*,*,#1210,.T.) ;
#3792=ORIENTED_EDGE('',*,*,#1241,.T.) ;
#3793=ORIENTED_EDGE('',*,*,#3746,.T.) ;
#3794=ORIENTED_EDGE('',*,*,#662,.T.) ;
#3795=ORIENTED_EDGE('',*,*,#698,.T.) ;
#3796=ORIENTED_EDGE('',*,*,#729,.T.) ;
#3797=ORIENTED_EDGE('',*,*,#760,.T.) ;
#3798=ORIENTED_EDGE('',*,*,#791,.T.) ;
#3799=ORIENTED_EDGE('',*,*,#817,.T.) ;
#3800=ORIENTED_EDGE('',*,*,#836,.T.) ;
#3801=ORIENTED_EDGE('',*,*,#879,.F.) ;
#3802=ORIENTED_EDGE('',*,*,#910,.F.) ;
#3803=ORIENTED_EDGE('',*,*,#936,.T.) ;
#3804=ORIENTED_EDGE('',*,*,#967,.T.) ;
#3805=ORIENTED_EDGE('',*,*,#993,.T.) ;
#3806=ORIENTED_EDGE('',*,*,#3541,.F.) ;
#3807=ORIENTED_EDGE('',*,*,#3519,.T.) ;
#3808=ORIENTED_EDGE('',*,*,#3558,.T.) ;
#3809=ORIENTED_EDGE('',*,*,#1033,.T.) ;
#3810=ORIENTED_EDGE('',*,*,#1062,.T.) ;
#3811=ORIENTED_EDGE('',*,*,#1081,.T.) ;
#3812=ORIENTED_EDGE('',*,*,#1095,.T.) ;
#3815=ORIENTED_EDGE('',*,*,#1298,.F.) ;
#3816=ORIENTED_EDGE('',*,*,#1276,.F.) ;
#3819=ORIENTED_EDGE('',*,*,#1355,.F.) ;
#3820=ORIENTED_EDGE('',*,*,#1333,.F.) ;
#3823=ORIENTED_EDGE('',*,*,#1412,.F.) ;
#3824=ORIENTED_EDGE('',*,*,#1390,.F.) ;
#3838=ORIENTED_EDGE('',*,*,#3836,.T.) ;
#3839=ORIENTED_EDGE('',*,*,#250,.T.) ;
#3840=ORIENTED_EDGE('',*,*,#3763,.F.) ;
#3841=ORIENTED_EDGE('',*,*,#622,.F.) ;
#3850=ORIENTED_EDGE('',*,*,#615,.F.) ;
#3851=ORIENTED_EDGE('',*,*,#584,.F.) ;
#3852=ORIENTED_EDGE('',*,*,#560,.F.) ;
#3853=ORIENTED_EDGE('',*,*,#522,.T.) ;
#3854=ORIENTED_EDGE('',*,*,#498,.F.) ;
#3855=ORIENTED_EDGE('',*,*,#460,.T.) ;
#3856=ORIENTED_EDGE('',*,*,#436,.F.) ;
#3857=ORIENTED_EDGE('',*,*,#398,.T.) ;
#3858=ORIENTED_EDGE('',*,*,#374,.F.) ;
#3859=ORIENTED_EDGE('',*,*,#336,.T.) ;
#3860=ORIENTED_EDGE('',*,*,#312,.F.) ;
#3861=ORIENTED_EDGE('',*,*,#274,.F.) ;
#3862=ORIENTED_EDGE('',*,*,#255,.T.) ;
#3863=ORIENTED_EDGE('',*,*,#3836,.F.) ;
#3876=ORIENTED_EDGE('',*,*,#2383,.F.) ;
#3877=ORIENTED_EDGE('',*,*,#2329,.F.) ;
#3878=ORIENTED_EDGE('',*,*,#2305,.F.) ;
#3879=ORIENTED_EDGE('',*,*,#2263,.F.) ;
#3880=ORIENTED_EDGE('',*,*,#2226,.T.) ;
#3881=ORIENTED_EDGE('',*,*,#2194,.T.) ;
#3882=ORIENTED_EDGE('',*,*,#2153,.T.) ;
#3883=ORIENTED_EDGE('',*,*,#3869,.T.) ;
#3884=ORIENTED_EDGE('',*,*,#2634,.F.) ;
#3885=ORIENTED_EDGE('',*,*,#2592,.T.) ;
#3886=ORIENTED_EDGE('',*,*,#2555,.T.) ;
#3887=ORIENTED_EDGE('',*,*,#2536,.F.) ;
#3888=ORIENTED_EDGE('',*,*,#2494,.T.) ;
#3889=ORIENTED_EDGE('',*,*,#2474,.T.) ;
#3890=ORIENTED_EDGE('',*,*,#2429,.F.) ;
#3891=ORIENTED_EDGE('',*,*,#3874,.F.) ;
#3894=ORIENTED_EDGE('',*,*,#1319,.T.) ;
#3895=ORIENTED_EDGE('',*,*,#1350,.T.) ;
#3898=ORIENTED_EDGE('',*,*,#1376,.T.) ;
#3899=ORIENTED_EDGE('',*,*,#1407,.T.) ;
#3902=ORIENTED_EDGE('',*,*,#1433,.T.) ;
#3903=ORIENTED_EDGE('',*,*,#1464,.T.) ;
#3906=ORIENTED_EDGE('',*,*,#1262,.T.) ;
#3907=ORIENTED_EDGE('',*,*,#1293,.T.) ;
#3930=ORIENTED_EDGE('',*,*,#3922,.F.) ;
#3931=ORIENTED_EDGE('',*,*,#3928,.T.) ;
#3932=ORIENTED_EDGE('',*,*,#2639,.F.) ;
#3933=ORIENTED_EDGE('',*,*,#3869,.F.) ;
#3934=ORIENTED_EDGE('',*,*,#2175,.T.) ;
#3948=ORIENTED_EDGE('',*,*,#3941,.T.) ;
#3949=ORIENTED_EDGE('',*,*,#3922,.T.) ;
#3950=ORIENTED_EDGE('',*,*,#2170,.F.) ;
#3951=ORIENTED_EDGE('',*,*,#2207,.T.) ;
#3952=ORIENTED_EDGE('',*,*,#2244,.T.) ;
#3953=ORIENTED_EDGE('',*,*,#2276,.T.) ;
#3954=ORIENTED_EDGE('',*,*,#2298,.T.) ;
#3955=ORIENTED_EDGE('',*,*,#2350,.F.) ;
#3956=ORIENTED_EDGE('',*,*,#3946,.T.) ;
#3960=ORIENTED_EDGE('',*,*,#2463,.F.) ;
#3961=ORIENTED_EDGE('',*,*,#2509,.F.) ;
#3962=ORIENTED_EDGE('',*,*,#2531,.T.) ;
#3963=ORIENTED_EDGE('',*,*,#2573,.T.) ;
#3964=ORIENTED_EDGE('',*,*,#2605,.T.) ;
#3965=ORIENTED_EDGE('',*,*,#2627,.F.) ;
#3966=ORIENTED_EDGE('',*,*,#3928,.F.) ;
#3967=ORIENTED_EDGE('',*,*,#3941,.F.) ;
#3968=ORIENTED_EDGE('',*,*,#3577,.F.) ;
#3978=ORIENTED_EDGE('',*,*,#3584,.T.) ;
#3979=ORIENTED_EDGE('',*,*,#3946,.F.) ;
#3980=ORIENTED_EDGE('',*,*,#2344,.F.) ;
#3981=ORIENTED_EDGE('',*,*,#2376,.F.) ;
#3982=ORIENTED_EDGE('',*,*,#3976,.F.) ;
#3991=ORIENTED_EDGE('',*,*,#2388,.F.) ;
#3992=ORIENTED_EDGE('',*,*,#3874,.T.) ;
#3993=ORIENTED_EDGE('',*,*,#2422,.T.) ;
#3994=ORIENTED_EDGE('',*,*,#3590,.F.) ;
#3995=ORIENTED_EDGE('',*,*,#3976,.T.) ;
#3783=FACE_BOUND('',#3780,.T.) ;
#3813=FACE_BOUND('',#3784,.T.) ;
#3817=FACE_BOUND('',#3814,.T.) ;
#3821=FACE_BOUND('',#3818,.T.) ;
#3825=FACE_BOUND('',#3822,.T.) ;
#3892=FACE_BOUND('',#3875,.T.) ;
#3896=FACE_BOUND('',#3893,.T.) ;
#3900=FACE_BOUND('',#3897,.T.) ;
#3904=FACE_BOUND('',#3901,.T.) ;
#3908=FACE_BOUND('',#3905,.T.) ;
#56=CLOSED_SHELL('Closed Shell',(#96,#127,#198,#222,#262,#293,#324,#355,#386,#417,#448,#479,#510,#541,#572,#603,#634,#674,#705,#736,#767,#798,#829,#855,#886,#917,#943,#974,#1005,#1040,#1069,#1088,#1107,#1124,#1155,#1186,#1217,#1248,#1288,#1305,#1345,#1362,#1402,#1419,#1459,#1476,#1506,#1536,#1576,#1610,#1634,#1664,#1688,#1718,#1754,#1787,#1835,#1854,#1884,#1908,#1935,#2051,#2139,#2182,#2214,#2251,#2283,#2317,#2358,#2395,#2441,#2482,#2516,#2543,#2580,#2612,#2646,#2771,#2795,#2911,#2935,#3050,#3083,#3192,#3218,#3242,#3361,#3385,#3500,#3531,#3548,#3565,#3598,#3623,#3636,#3660,#3677,#3701,#3718,#3736,#3753,#3826,#3843,#3909,#3936,#3958,#3970,#3984,#3997)) ;
#73=VECTOR('Line Direction',#72,1.) ;
#87=VECTOR('Line Direction',#86,1.) ;
#135=VECTOR('Line Direction',#134,1.) ;
#144=VECTOR('Line Direction',#143,1.) ;
#165=VECTOR('Line Direction',#164,1.) ;
#170=VECTOR('Line Direction',#169,1.) ;
#177=VECTOR('Line Direction',#176,1.) ;
#184=VECTOR('Line Direction',#183,1.) ;
#206=VECTOR('Line Direction',#205,1.) ;
#213=VECTOR('Line Direction',#212,1.) ;
#230=VECTOR('Line Direction',#229,1.) ;
#239=VECTOR('Line Direction',#238,1.) ;
#246=VECTOR('Line Direction',#245,1.) ;
#253=VECTOR('Line Direction',#252,1.) ;
#277=VECTOR('Line Direction',#276,1.) ;
#301=VECTOR('Line Direction',#300,1.) ;
#308=VECTOR('Line Direction',#307,1.) ;
#315=VECTOR('Line Direction',#314,1.) ;
#339=VECTOR('Line Direction',#338,1.) ;
#377=VECTOR('Line Direction',#376,1.) ;
#401=VECTOR('Line Direction',#400,1.) ;
#425=VECTOR('Line Direction',#424,1.) ;
#432=VECTOR('Line Direction',#431,1.) ;
#439=VECTOR('Line Direction',#438,1.) ;
#463=VECTOR('Line Direction',#462,1.) ;
#501=VECTOR('Line Direction',#500,1.) ;
#525=VECTOR('Line Direction',#524,1.) ;
#549=VECTOR('Line Direction',#548,1.) ;
#556=VECTOR('Line Direction',#555,1.) ;
#563=VECTOR('Line Direction',#562,1.) ;
#587=VECTOR('Line Direction',#586,1.) ;
#611=VECTOR('Line Direction',#610,1.) ;
#618=VECTOR('Line Direction',#617,1.) ;
#625=VECTOR('Line Direction',#624,1.) ;
#682=VECTOR('Line Direction',#681,1.) ;
#696=VECTOR('Line Direction',#695,1.) ;
#744=VECTOR('Line Direction',#743,1.) ;
#758=VECTOR('Line Direction',#757,1.) ;
#815=VECTOR('Line Direction',#814,1.) ;
#820=VECTOR('Line Direction',#819,1.) ;
#832=VECTOR('Line Direction',#831,1.) ;
#839=VECTOR('Line Direction',#838,1.) ;
#846=VECTOR('Line Direction',#845,1.) ;
#863=VECTOR('Line Direction',#862,1.) ;
#870=VECTOR('Line Direction',#869,1.) ;
#877=VECTOR('Line Direction',#876,1.) ;
#894=VECTOR('Line Direction',#893,1.) ;
#908=VECTOR('Line Direction',#907,1.) ;
#920=VECTOR('Line Direction',#919,1.) ;
#934=VECTOR('Line Direction',#933,1.) ;
#991=VECTOR('Line Direction',#990,1.) ;
#996=VECTOR('Line Direction',#995,1.) ;
#1017=VECTOR('Line Direction',#1016,1.) ;
#1031=VECTOR('Line Direction',#1030,1.) ;
#1079=VECTOR('Line Direction',#1078,1.) ;
#1091=VECTOR('Line Direction',#1090,1.) ;
#1098=VECTOR('Line Direction',#1097,1.) ;
#1115=VECTOR('Line Direction',#1114,1.) ;
#1132=VECTOR('Line Direction',#1131,1.) ;
#1146=VECTOR('Line Direction',#1145,1.) ;
#1194=VECTOR('Line Direction',#1193,1.) ;
#1208=VECTOR('Line Direction',#1207,1.) ;
#1265=VECTOR('Line Direction',#1264,1.) ;
#1279=VECTOR('Line Direction',#1278,1.) ;
#1322=VECTOR('Line Direction',#1321,1.) ;
#1336=VECTOR('Line Direction',#1335,1.) ;
#1379=VECTOR('Line Direction',#1378,1.) ;
#1393=VECTOR('Line Direction',#1392,1.) ;
#1436=VECTOR('Line Direction',#1435,1.) ;
#1450=VECTOR('Line Direction',#1449,1.) ;
#1497=VECTOR('Line Direction',#1496,1.) ;
#1514=VECTOR('Line Direction',#1513,1.) ;
#1584=VECTOR('Line Direction',#1583,1.) ;
#1601=VECTOR('Line Direction',#1600,1.) ;
#1625=VECTOR('Line Direction',#1624,1.) ;
#1655=VECTOR('Line Direction',#1654,1.) ;
#1679=VECTOR('Line Direction',#1678,1.) ;
#1709=VECTOR('Line Direction',#1708,1.) ;
#1740=VECTOR('Line Direction',#1739,1.) ;
#1778=VECTOR('Line Direction',#1777,1.) ;
#1807=VECTOR('Line Direction',#1806,1.) ;
#1814=VECTOR('Line Direction',#1813,1.) ;
#1821=VECTOR('Line Direction',#1820,1.) ;
#1845=VECTOR('Line Direction',#1844,1.) ;
#1875=VECTOR('Line Direction',#1874,1.) ;
#1899=VECTOR('Line Direction',#1898,1.) ;
#1926=VECTOR('Line Direction',#1925,1.) ;
#2156=VECTOR('Line Direction',#2155,1.) ;
#2173=VECTOR('Line Direction',#2172,1.) ;
#2190=VECTOR('Line Direction',#2189,1.) ;
#2197=VECTOR('Line Direction',#2196,1.) ;
#2229=VECTOR('Line Direction',#2228,1.) ;
#2259=VECTOR('Line Direction',#2258,1.) ;
#2266=VECTOR('Line Direction',#2265,1.) ;
#2308=VECTOR('Line Direction',#2307,1.) ;
#2325=VECTOR('Line Direction',#2324,1.) ;
#2332=VECTOR('Line Direction',#2331,1.) ;
#2386=VECTOR('Line Direction',#2385,1.) ;
#2418=VECTOR('Line Direction',#2417,1.) ;
#2432=VECTOR('Line Direction',#2431,1.) ;
#2449=VECTOR('Line Direction',#2448,1.) ;
#2472=VECTOR('Line Direction',#2471,1.) ;
#2497=VECTOR('Line Direction',#2496,1.) ;
#2519=VECTOR('Line Direction',#2518,1.) ;
#2534=VECTOR('Line Direction',#2533,1.) ;
#2558=VECTOR('Line Direction',#2557,1.) ;
#2588=VECTOR('Line Direction',#2587,1.) ;
#2595=VECTOR('Line Direction',#2594,1.) ;
#2637=VECTOR('Line Direction',#2636,1.) ;
#3508=VECTOR('Line Direction',#3507,1.) ;
#3515=VECTOR('Line Direction',#3514,1.) ;
#3522=VECTOR('Line Direction',#3521,1.) ;
#3539=VECTOR('Line Direction',#3538,1.) ;
#3556=VECTOR('Line Direction',#3555,1.) ;
#3726=VECTOR('Line Direction',#3725,1.) ;
#3744=VECTOR('Line Direction',#3743,1.) ;
#3867=VECTOR('Line Direction',#3866,1.) ;
#3872=VECTOR('Line Direction',#3871,1.) ;
#3999=ADVANCED_BREP_SHAPE_REPRESENTATION('NONE',(#3998),#46) ;
#49=SHAPE_REPRESENTATION(' ',(#48),#46) ;
#96=ADVANCED_FACE('PartBody',(#95),#61,.F.) ;
#127=ADVANCED_FACE('PartBody',(#126),#101,.F.) ;
#198=ADVANCED_FACE('PartBody',(#197),#132,.T.) ;
#222=ADVANCED_FACE('PartBody',(#221),#203,.T.) ;
#262=ADVANCED_FACE('PartBody',(#261),#227,.F.) ;
#293=ADVANCED_FACE('PartBody',(#292),#267,.T.) ;
#324=ADVANCED_FACE('PartBody',(#323),#298,.T.) ;
#355=ADVANCED_FACE('PartBody',(#354),#329,.F.) ;
#386=ADVANCED_FACE('PartBody',(#385),#360,.T.) ;
#417=ADVANCED_FACE('PartBody',(#416),#391,.F.) ;
#448=ADVANCED_FACE('PartBody',(#447),#422,.T.) ;
#479=ADVANCED_FACE('PartBody',(#478),#453,.F.) ;
#510=ADVANCED_FACE('PartBody',(#509),#484,.T.) ;
#541=ADVANCED_FACE('PartBody',(#540),#515,.F.) ;
#572=ADVANCED_FACE('PartBody',(#571),#546,.T.) ;
#603=ADVANCED_FACE('PartBody',(#602),#577,.T.) ;
#634=ADVANCED_FACE('PartBody',(#633),#608,.F.) ;
#674=ADVANCED_FACE('PartBody',(#673),#639,.F.) ;
#705=ADVANCED_FACE('PartBody',(#704),#679,.F.) ;
#736=ADVANCED_FACE('PartBody',(#735),#710,.F.) ;
#767=ADVANCED_FACE('PartBody',(#766),#741,.F.) ;
#798=ADVANCED_FACE('PartBody',(#797),#772,.F.) ;
#829=ADVANCED_FACE('PartBody',(#828),#803,.F.) ;
#855=ADVANCED_FACE('PartBody',(#854),#203,.T.) ;
#886=ADVANCED_FACE('PartBody',(#885),#860,.F.) ;
#917=ADVANCED_FACE('PartBody',(#916),#891,.F.) ;
#943=ADVANCED_FACE('PartBody',(#942),#803,.F.) ;
#974=ADVANCED_FACE('PartBody',(#973),#948,.F.) ;
#1005=ADVANCED_FACE('PartBody',(#1004),#979,.F.) ;
#1040=ADVANCED_FACE('PartBody',(#1039),#979,.F.) ;
#1069=ADVANCED_FACE('PartBody',(#1068),#1045,.F.) ;
#1088=ADVANCED_FACE('PartBody',(#1087),#61,.F.) ;
#1107=ADVANCED_FACE('PartBody',(#1106),#891,.F.) ;
#1124=ADVANCED_FACE('PartBody',(#1123),#1112,.T.) ;
#1155=ADVANCED_FACE('PartBody',(#1154),#1129,.F.) ;
#1186=ADVANCED_FACE('PartBody',(#1185),#1160,.F.) ;
#1217=ADVANCED_FACE('PartBody',(#1216),#1191,.F.) ;
#1248=ADVANCED_FACE('PartBody',(#1247),#1222,.F.) ;
#1288=ADVANCED_FACE('PartBody',(#1287),#1253,.F.) ;
#1305=ADVANCED_FACE('PartBody',(#1304),#1253,.F.) ;
#1345=ADVANCED_FACE('PartBody',(#1344),#1310,.F.) ;
#1362=ADVANCED_FACE('PartBody',(#1361),#1310,.F.) ;
#1402=ADVANCED_FACE('PartBody',(#1401),#1367,.F.) ;
#1419=ADVANCED_FACE('PartBody',(#1418),#1367,.F.) ;
#1459=ADVANCED_FACE('PartBody',(#1458),#1424,.F.) ;
#1476=ADVANCED_FACE('PartBody',(#1475),#1424,.F.) ;
#1506=ADVANCED_FACE('PartBody',(#1505),#1481,.T.) ;
#1536=ADVANCED_FACE('PartBody',(#1535),#1511,.T.) ;
#1576=ADVANCED_FACE('PartBody',(#1575),#1541,.T.) ;
#1610=ADVANCED_FACE('PartBody',(#1609),#1581,.T.) ;
#1634=ADVANCED_FACE('PartBody',(#1633),#1615,.F.) ;
#1664=ADVANCED_FACE('PartBody',(#1663),#1639,.F.) ;
#1688=ADVANCED_FACE('PartBody',(#1687),#1669,.T.) ;
#1718=ADVANCED_FACE('PartBody',(#1717),#1693,.T.) ;
#1754=ADVANCED_FACE('PartBody',(#1753),#1723,.T.) ;
#1787=ADVANCED_FACE('PartBody',(#1786),#1759,.T.) ;
#1835=ADVANCED_FACE('PartBody',(#1834),#1792,.T.) ;
#1854=ADVANCED_FACE('PartBody',(#1853),#1669,.T.) ;
#1884=ADVANCED_FACE('PartBody',(#1883),#1859,.F.) ;
#1908=ADVANCED_FACE('PartBody',(#1907),#1889,.F.) ;
#1935=ADVANCED_FACE('PartBody',(#1934),#1913,.T.) ;
#2051=ADVANCED_FACE('PartBody',(#2050),#1936,.F.) ;
#2139=ADVANCED_FACE('PartBody',(#2138),#2052,.F.) ;
#2182=ADVANCED_FACE('PartBody',(#2181),#2144,.F.) ;
#2214=ADVANCED_FACE('PartBody',(#2213),#2187,.T.) ;
#2251=ADVANCED_FACE('PartBody',(#2250),#2219,.T.) ;
#2283=ADVANCED_FACE('PartBody',(#2282),#2256,.F.) ;
#2317=ADVANCED_FACE('PartBody',(#2316),#2288,.F.) ;
#2358=ADVANCED_FACE('PartBody',(#2357),#2322,.F.) ;
#2395=ADVANCED_FACE('PartBody',(#2394),#2363,.F.) ;
#2441=ADVANCED_FACE('PartBody',(#2440),#2400,.F.) ;
#2482=ADVANCED_FACE('PartBody',(#2481),#2446,.F.) ;
#2516=ADVANCED_FACE('PartBody',(#2515),#2487,.F.) ;
#2543=ADVANCED_FACE('PartBody',(#2542),#2256,.F.) ;
#2580=ADVANCED_FACE('PartBody',(#2579),#2548,.T.) ;
#2612=ADVANCED_FACE('PartBody',(#2611),#2585,.T.) ;
#2646=ADVANCED_FACE('PartBody',(#2645),#2617,.F.) ;
#2771=ADVANCED_FACE('PartBody',(#2770),#2647,.F.) ;
#2795=ADVANCED_FACE('PartBody',(#2794),#2776,.T.) ;
#2911=ADVANCED_FACE('PartBody',(#2910),#2796,.T.) ;
#2935=ADVANCED_FACE('PartBody',(#2934),#2916,.T.) ;
#3050=ADVANCED_FACE('PartBody',(#3049),#2936,.F.) ;
#3083=ADVANCED_FACE('PartBody',(#3082),#3055,.T.) ;
#3192=ADVANCED_FACE('PartBody',(#3191),#3084,.F.) ;
#3218=ADVANCED_FACE('PartBody',(#3217),#3197,.T.) ;
#3242=ADVANCED_FACE('PartBody',(#3241),#3223,.T.) ;
#3361=ADVANCED_FACE('PartBody',(#3360),#3243,.T.) ;
#3385=ADVANCED_FACE('PartBody',(#3384),#3366,.T.) ;
#3500=ADVANCED_FACE('PartBody',(#3499),#3386,.F.) ;
#3531=ADVANCED_FACE('PartBody',(#3530),#3505,.T.) ;
#3548=ADVANCED_FACE('PartBody',(#3547),#3536,.F.) ;
#3565=ADVANCED_FACE('PartBody',(#3564),#3553,.T.) ;
#3598=ADVANCED_FACE('PartBody',(#3597),#3570,.F.) ;
#3623=ADVANCED_FACE('PartBody',(#3622),#3603,.T.) ;
#3636=ADVANCED_FACE('PartBody',(#3635),#3603,.T.) ;
#3660=ADVANCED_FACE('PartBody',(#3659),#3603,.T.) ;
#3677=ADVANCED_FACE('PartBody',(#3676),#3603,.T.) ;
#3701=ADVANCED_FACE('PartBody',(#3700),#3682,.T.) ;
#3718=ADVANCED_FACE('PartBody',(#3717),#3706,.T.) ;
#3736=ADVANCED_FACE('PartBody',(#3735),#3723,.F.) ;
#3753=ADVANCED_FACE('PartBody',(#3752),#3741,.F.) ;
#3826=ADVANCED_FACE('PartBody',(#3779,#3783,#3813,#3817,#3821,#3825),#3758,.T.) ;
#3843=ADVANCED_FACE('PartBody',(#3842),#3831,.T.) ;
#3909=ADVANCED_FACE('PartBody',(#3864,#3892,#3896,#3900,#3904,#3908),#3848,.F.) ;
#3936=ADVANCED_FACE('PartBody',(#3935),#3914,.T.) ;
#3958=ADVANCED_FACE('PartBody',(#3957),#3570,.F.) ;
#3970=ADVANCED_FACE('PartBody',(#3969),#3570,.F.) ;
#3984=ADVANCED_FACE('PartBody',(#3983),#3570,.F.) ;
#3997=ADVANCED_FACE('PartBody',(#3996),#3989,.F.) ;
#4=APPLICATION_PROTOCOL_DEFINITION('international standard','config_control_design',1994,#1) ;
#32=APPROVAL_DATE_TIME(#13,#21) ;
#1482=B_SPLINE_CURVE_WITH_KNOTS('',5,(#1483,#1484,#1485,#1486,#1487,#1488,#1489,#1490,#1491),.UNSPECIFIED.,.F.,.U.,(6,3,6),(46.0162061684,63.6738835025,76.5226836563),.UNSPECIFIED.) ;
#1519=B_SPLINE_CURVE_WITH_KNOTS('',5,(#1520,#1521,#1522,#1523,#1524,#1525,#1526,#1527,#1528),.UNSPECIFIED.,.F.,.U.,(6,3,6),(31.786335963,81.3359047938,118.416123391),.UNSPECIFIED.) ;
#1589=B_SPLINE_CURVE_WITH_KNOTS('',5,(#1590,#1591,#1592,#1593,#1594,#1595),.UNSPECIFIED.,.F.,.U.,(6,6),(8.48184819814,39.5004217485),.UNSPECIFIED.) ;
#1640=B_SPLINE_CURVE_WITH_KNOTS('',5,(#1641,#1642,#1643,#1644,#1645,#1646,#1647,#1648,#1649),.UNSPECIFIED.,.F.,.U.,(6,3,6),(57.3806157903,77.604159453,94.9300551737),.UNSPECIFIED.) ;
#1694=B_SPLINE_CURVE_WITH_KNOTS('',5,(#1695,#1696,#1697,#1698,#1699,#1700,#1701,#1702,#1703),.UNSPECIFIED.,.F.,.U.,(6,3,6),(45.9728052242,63.9058207972,76.479117755),.UNSPECIFIED.) ;
#1760=B_SPLINE_CURVE_WITH_KNOTS('',5,(#1761,#1762,#1763,#1764,#1765,#1766,#1767,#1768,#1769,#1770,#1771,#1772),.UNSPECIFIED.,.F.,.U.,(6,3,3,6),(57.9653742638,89.0616899086,115.548432415,144.595104048),.UNSPECIFIED.) ;
#1860=B_SPLINE_CURVE_WITH_KNOTS('',5,(#1861,#1862,#1863,#1864,#1865,#1866,#1867,#1868,#1869),.UNSPECIFIED.,.F.,.U.,(6,3,6),(57.8432494426,73.1921588309,95.3926522433),.UNSPECIFIED.) ;
#1914=B_SPLINE_CURVE_WITH_KNOTS('',5,(#1915,#1916,#1917,#1918,#1919,#1920),.UNSPECIFIED.,.F.,.U.,(6,6),(39.3313788981,70.3501062442),.UNSPECIFIED.) ;
#2018=B_SPLINE_CURVE_WITH_KNOTS('',5,(#2019,#2020,#2021,#2022,#2023,#2024),.UNSPECIFIED.,.F.,.U.,(6,6),(0.,3.),.UNSPECIFIED.) ;
#2028=B_SPLINE_CURVE_WITH_KNOTS('',5,(#2029,#2030,#2031,#2032,#2033,#2034,#2035,#2036,#2037,#2038,#2039,#2040,#2041,#2042,#2043),.UNSPECIFIED.,.F.,.U.,(6,3,3,3,6),(46.0162146505,53.6199419557,63.6738835025,73.933569021,76.5226736282),.UNSPECIFIED.) ;
#2107=B_SPLINE_CURVE_WITH_KNOTS('',4,(#2108,#2109,#2110,#2111,#2112),.UNSPECIFIED.,.F.,.U.,(5,5),(0.,2.99999980957),.UNSPECIFIED.) ;
#2116=B_SPLINE_CURVE_WITH_KNOTS('',5,(#2117,#2118,#2119,#2120,#2121,#2122,#2123,#2124,#2125,#2126,#2127,#2128,#2129,#2130,#2131),.UNSPECIFIED.,.F.,.U.,(6,3,3,3,6),(31.786335963,52.7692490782,81.3359047938,110.106435896,118.416123391),.UNSPECIFIED.) ;
#2161=B_SPLINE_CURVE_WITH_KNOTS('',5,(#2162,#2163,#2164,#2165,#2166,#2167),.UNSPECIFIED.,.F.,.U.,(6,6),(0.,29.0196693688),.UNSPECIFIED.) ;
#2202=B_SPLINE_CURVE_WITH_KNOTS('',3,(#2203,#2204,#2205,#2206),.UNSPECIFIED.,.F.,.U.,(4,4),(0.,14.7384891815),.UNSPECIFIED.) ;
#2234=B_SPLINE_CURVE_WITH_KNOTS('',5,(#2235,#2236,#2237,#2238,#2239,#2240,#2241,#2242,#2243),.UNSPECIFIED.,.F.,.U.,(6,3,6),(0.,20.4167345896,40.3357124825),.UNSPECIFIED.) ;
#2271=B_SPLINE_CURVE_WITH_KNOTS('',3,(#2272,#2273,#2274,#2275),.UNSPECIFIED.,.F.,.U.,(4,4),(0.,14.5630166385),.UNSPECIFIED.) ;
#2289=B_SPLINE_CURVE_WITH_KNOTS('',5,(#2290,#2291,#2292,#2293,#2294,#2295),.UNSPECIFIED.,.F.,.U.,(6,6),(0.,28.6356000528),.UNSPECIFIED.) ;
#2337=B_SPLINE_CURVE_WITH_KNOTS('',3,(#2338,#2339,#2340,#2341),.UNSPECIFIED.,.F.,.U.,(4,4),(0.,28.6078731081),.UNSPECIFIED.) ;
#2345=B_SPLINE_CURVE_WITH_KNOTS('',3,(#2346,#2347,#2348,#2349),.UNSPECIFIED.,.F.,.U.,(4,4),(28.6078731081,64.3914094857),.UNSPECIFIED.) ;
#2364=B_SPLINE_CURVE_WITH_KNOTS('',5,(#2365,#2366,#2367,#2368,#2369,#2370,#2371,#2372,#2373),.UNSPECIFIED.,.F.,.U.,(6,3,6),(0.,43.962508252,84.7280706881),.UNSPECIFIED.) ;
#2401=B_SPLINE_CURVE_WITH_KNOTS('',5,(#2402,#2403,#2404,#2405,#2406,#2407,#2408,#2409,#2410),.UNSPECIFIED.,.F.,.U.,(6,3,6),(0.,43.6509112151,84.7279185509),.UNSPECIFIED.) ;
#2456=B_SPLINE_CURVE_WITH_KNOTS('',3,(#2457,#2458,#2459,#2460),.UNSPECIFIED.,.F.,.U.,(4,4),(0.,35.7835363775),.UNSPECIFIED.) ;
#2464=B_SPLINE_CURVE_WITH_KNOTS('',3,(#2465,#2466,#2467,#2468),.UNSPECIFIED.,.F.,.U.,(4,4),(35.7835363775,64.3914094845),.UNSPECIFIED.) ;
#2502=B_SPLINE_CURVE_WITH_KNOTS('',5,(#2503,#2504,#2505,#2506,#2507,#2508),.UNSPECIFIED.,.F.,.U.,(6,6),(0.,28.6356000584),.UNSPECIFIED.) ;
#2526=B_SPLINE_CURVE_WITH_KNOTS('',3,(#2527,#2528,#2529,#2530),.UNSPECIFIED.,.F.,.U.,(4,4),(0.,14.5630166385),.UNSPECIFIED.) ;
#2563=B_SPLINE_CURVE_WITH_KNOTS('',5,(#2564,#2565,#2566,#2567,#2568,#2569,#2570,#2571,#2572),.UNSPECIFIED.,.F.,.U.,(6,3,6),(0.,18.4287313618,40.3356131057),.UNSPECIFIED.) ;
#2600=B_SPLINE_CURVE_WITH_KNOTS('',3,(#2601,#2602,#2603,#2604),.UNSPECIFIED.,.F.,.U.,(4,4),(0.,14.7384891815),.UNSPECIFIED.) ;
#2618=B_SPLINE_CURVE_WITH_KNOTS('',5,(#2619,#2620,#2621,#2622,#2623,#2624),.UNSPECIFIED.,.F.,.U.,(6,6),(0.,29.0196691086),.UNSPECIFIED.) ;
#2729=B_SPLINE_CURVE_WITH_KNOTS('',5,(#2730,#2731,#2732,#2733,#2734,#2735),.UNSPECIFIED.,.F.,.U.,(6,6),(0.,3.),.UNSPECIFIED.) ;
#2739=B_SPLINE_CURVE_WITH_KNOTS('',4,(#2740,#2741,#2742,#2743,#2744),.UNSPECIFIED.,.F.,.U.,(5,5),(1.2914242195E-007,2.99999980112),.UNSPECIFIED.) ;
#2748=B_SPLINE_CURVE_WITH_KNOTS('',5,(#2749,#2750,#2751,#2752,#2753,#2754,#2755,#2756,#2757,#2758,#2759,#2760,#2761,#2762,#2763),.UNSPECIFIED.,.F.,.U.,(6,3,3,3,6),(8.48185128892,11.5028607198,21.5562938886,31.7388950375,39.5004131969),.UNSPECIFIED.) ;
#2878=B_SPLINE_CURVE_WITH_KNOTS('',5,(#2879,#2880,#2881,#2882,#2883,#2884),.UNSPECIFIED.,.F.,.U.,(6,6),(0.,3.),.UNSPECIFIED.) ;
#2888=B_SPLINE_CURVE_WITH_KNOTS('',5,(#2889,#2890,#2891,#2892,#2893,#2894,#2895,#2896,#2897,#2898,#2899,#2900,#2901,#2902,#2903),.UNSPECIFIED.,.F.,.U.,(6,3,3,3,6),(57.3806226372,67.5680809003,77.604159453,87.6947157328,94.9300551493),.UNSPECIFIED.) ;
#3018=B_SPLINE_CURVE_WITH_KNOTS('',4,(#3019,#3020,#3021,#3022,#3023),.UNSPECIFIED.,.F.,.U.,(5,5),(0.,3.),.UNSPECIFIED.) ;
#3027=B_SPLINE_CURVE_WITH_KNOTS('',5,(#3028,#3029,#3030,#3031,#3032,#3033,#3034,#3035,#3036,#3037,#3038,#3039,#3040,#3041,#3042),.UNSPECIFIED.,.F.,.U.,(6,3,3,3,6),(45.9728052242,53.8398553762,63.9058207972,73.9517156138,76.479117755),.UNSPECIFIED.) ;
#3157=B_SPLINE_CURVE_WITH_KNOTS('',4,(#3158,#3159,#3160,#3161,#3162),.UNSPECIFIED.,.F.,.U.,(5,5),(0.,3.),.UNSPECIFIED.) ;
#3166=B_SPLINE_CURVE_WITH_KNOTS('',5,(#3167,#3168,#3169,#3170,#3171,#3172,#3173,#3174,#3175,#3176,#3177,#3178,#3179,#3180,#3181,#3182,#3183,#3184),.UNSPECIFIED.,.F.,.U.,(6,3,3,3,3,6),(57.9653859481,58.2424133274,89.0616899086,115.548432415,144.346084308,144.595098671),.UNSPECIFIED.) ;
#3325=B_SPLINE_CURVE_WITH_KNOTS('',5,(#3326,#3327,#3328,#3329,#3330,#3331),.UNSPECIFIED.,.F.,.U.,(6,6),(0.,3.),.UNSPECIFIED.) ;
#3335=B_SPLINE_CURVE_WITH_KNOTS('',5,(#3336,#3337,#3338,#3339,#3340,#3341,#3342,#3343,#3344,#3345,#3346,#3347,#3348,#3349,#3350,#3351,#3352,#3353),.UNSPECIFIED.,.F.,.U.,(6,3,3,3,3,6),(57.8432494426,63.0020288772,73.1921588309,83.2374467685,93.3146496644,95.3926522433),.UNSPECIFIED.) ;
#3468=B_SPLINE_CURVE_WITH_KNOTS('',4,(#3469,#3470,#3471,#3472,#3473),.UNSPECIFIED.,.F.,.U.,(5,5),(0.,3.),.UNSPECIFIED.) ;
#3477=B_SPLINE_CURVE_WITH_KNOTS('',5,(#3478,#3479,#3480,#3481,#3482,#3483,#3484,#3485,#3486,#3487,#3488,#3489,#3490,#3491,#3492),.UNSPECIFIED.,.F.,.U.,(6,3,3,3,6),(39.3313828136,43.8538000316,55.283227441,65.3264155148,70.3501062442),.UNSPECIFIED.) ;
#3585=B_SPLINE_CURVE_WITH_KNOTS('',3,(#3586,#3587,#3588,#3589),.UNSPECIFIED.,.F.,.U.,(4,4),(0.,28.9925077545),.UNSPECIFIED.) ;
#3915=B_SPLINE_CURVE_WITH_KNOTS('',3,(#3916,#3917,#3918,#3919),.UNSPECIFIED.,.F.,.U.,(4,4),(0.,7.33005459281),.UNSPECIFIED.) ;
#3923=B_SPLINE_CURVE_WITH_KNOTS('',3,(#3924,#3925,#3926,#3927),.UNSPECIFIED.,.F.,.U.,(4,4),(0.,7.33005459281),.UNSPECIFIED.) ;
#3971=B_SPLINE_CURVE_WITH_KNOTS('',3,(#3972,#3973,#3974,#3975),.UNSPECIFIED.,.F.,.U.,(4,4),(0.,28.9925077562),.UNSPECIFIED.) ;
#1936=B_SPLINE_SURFACE_WITH_KNOTS('',5,5,((#1937,#1938,#1939,#1940,#1941,#1942,#1943,#1944,#1945),(#1946,#1947,#1948,#1949,#1950,#1951,#1952,#1953,#1954),(#1955,#1956,#1957,#1958,#1959,#1960,#1961,#1962,#1963),(#1964,#1965,#1966,#1967,#1968,#1969,#1970,#1971,#1972),(#1973,#1974,#1975,#1976,#1977,#1978,#1979,#1980,#1981),(#1982,#1983,#1984,#1985,#1986,#1987,#1988,#1989,#1990),(#1991,#1992,#1993,#1994,#1995,#1996,#1997,#1998,#1999),(#2000,#2001,#2002,#2003,#2004,#2005,#2006,#2007,#2008),(#2009,#2010,#2011,#2012,#2013,#2014,#2015,#2016,#2017)),.UNSPECIFIED.,.F.,.F.,.U.,(6,3,6),(6,3,6),(46.0162061684,63.6738835025,76.5226836563),(0.,1.5,3.),.UNSPECIFIED.) ;
#2052=B_SPLINE_SURFACE_WITH_KNOTS('',5,5,((#2053,#2054,#2055,#2056,#2057,#2058),(#2059,#2060,#2061,#2062,#2063,#2064),(#2065,#2066,#2067,#2068,#2069,#2070),(#2071,#2072,#2073,#2074,#2075,#2076),(#2077,#2078,#2079,#2080,#2081,#2082),(#2083,#2084,#2085,#2086,#2087,#2088),(#2089,#2090,#2091,#2092,#2093,#2094),(#2095,#2096,#2097,#2098,#2099,#2100),(#2101,#2102,#2103,#2104,#2105,#2106)),.UNSPECIFIED.,.F.,.F.,.U.,(6,3,6),(6,6),(31.786335963,81.3359047938,118.416123391),(0.,3.),.UNSPECIFIED.) ;
#2647=B_SPLINE_SURFACE_WITH_KNOTS('',5,5,((#2648,#2649,#2650,#2651,#2652,#2653,#2654,#2655,#2656),(#2657,#2658,#2659,#2660,#2661,#2662,#2663,#2664,#2665),(#2666,#2667,#2668,#2669,#2670,#2671,#2672,#2673,#2674),(#2675,#2676,#2677,#2678,#2679,#2680,#2681,#2682,#2683),(#2684,#2685,#2686,#2687,#2688,#2689,#2690,#2691,#2692),(#2693,#2694,#2695,#2696,#2697,#2698,#2699,#2700,#2701),(#2702,#2703,#2704,#2705,#2706,#2707,#2708,#2709,#2710),(#2711,#2712,#2713,#2714,#2715,#2716,#2717,#2718,#2719),(#2720,#2721,#2722,#2723,#2724,#2725,#2726,#2727,#2728)),.UNSPECIFIED.,.F.,.F.,.U.,(6,3,6),(6,3,6),(8.48184819814,21.5562938886,39.5004217485),(0.,1.5,3.),.UNSPECIFIED.) ;
#2796=B_SPLINE_SURFACE_WITH_KNOTS('',5,5,((#2797,#2798,#2799,#2800,#2801,#2802,#2803,#2804,#2805),(#2806,#2807,#2808,#2809,#2810,#2811,#2812,#2813,#2814),(#2815,#2816,#2817,#2818,#2819,#2820,#2821,#2822,#2823),(#2824,#2825,#2826,#2827,#2828,#2829,#2830,#2831,#2832),(#2833,#2834,#2835,#2836,#2837,#2838,#2839,#2840,#2841),(#2842,#2843,#2844,#2845,#2846,#2847,#2848,#2849,#2850),(#2851,#2852,#2853,#2854,#2855,#2856,#2857,#2858,#2859),(#2860,#2861,#2862,#2863,#2864,#2865,#2866,#2867,#2868),(#2869,#2870,#2871,#2872,#2873,#2874,#2875,#2876,#2877)),.UNSPECIFIED.,.F.,.F.,.U.,(6,3,6),(6,3,6),(57.3806157903,77.604159453,94.9300551737),(0.,1.5,3.),.UNSPECIFIED.) ;
#2936=B_SPLINE_SURFACE_WITH_KNOTS('',5,5,((#2937,#2938,#2939,#2940,#2941,#2942,#2943,#2944,#2945),(#2946,#2947,#2948,#2949,#2950,#2951,#2952,#2953,#2954),(#2955,#2956,#2957,#2958,#2959,#2960,#2961,#2962,#2963),(#2964,#2965,#2966,#2967,#2968,#2969,#2970,#2971,#2972),(#2973,#2974,#2975,#2976,#2977,#2978,#2979,#2980,#2981),(#2982,#2983,#2984,#2985,#2986,#2987,#2988,#2989,#2990),(#2991,#2992,#2993,#2994,#2995,#2996,#2997,#2998,#2999),(#3000,#3001,#3002,#3003,#3004,#3005,#3006,#3007,#3008),(#3009,#3010,#3011,#3012,#3013,#3014,#3015,#3016,#3017)),.UNSPECIFIED.,.F.,.F.,.U.,(6,3,6),(6,3,6),(45.9728052242,63.9058207972,76.479117755),(0.,1.5,3.),.UNSPECIFIED.) ;
#3084=B_SPLINE_SURFACE_WITH_KNOTS('',5,5,((#3085,#3086,#3087,#3088,#3089,#3090),(#3091,#3092,#3093,#3094,#3095,#3096),(#3097,#3098,#3099,#3100,#3101,#3102),(#3103,#3104,#3105,#3106,#3107,#3108),(#3109,#3110,#3111,#3112,#3113,#3114),(#3115,#3116,#3117,#3118,#3119,#3120),(#3121,#3122,#3123,#3124,#3125,#3126),(#3127,#3128,#3129,#3130,#3131,#3132),(#3133,#3134,#3135,#3136,#3137,#3138),(#3139,#3140,#3141,#3142,#3143,#3144),(#3145,#3146,#3147,#3148,#3149,#3150),(#3151,#3152,#3153,#3154,#3155,#3156)),.UNSPECIFIED.,.F.,.F.,.U.,(6,3,3,6),(6,6),(57.9653742638,89.0616899086,115.548432415,144.595104048),(0.,3.),.UNSPECIFIED.) ;
#3243=B_SPLINE_SURFACE_WITH_KNOTS('',5,5,((#3244,#3245,#3246,#3247,#3248,#3249,#3250,#3251,#3252),(#3253,#3254,#3255,#3256,#3257,#3258,#3259,#3260,#3261),(#3262,#3263,#3264,#3265,#3266,#3267,#3268,#3269,#3270),(#3271,#3272,#3273,#3274,#3275,#3276,#3277,#3278,#3279),(#3280,#3281,#3282,#3283,#3284,#3285,#3286,#3287,#3288),(#3289,#3290,#3291,#3292,#3293,#3294,#3295,#3296,#3297),(#3298,#3299,#3300,#3301,#3302,#3303,#3304,#3305,#3306),(#3307,#3308,#3309,#3310,#3311,#3312,#3313,#3314,#3315),(#3316,#3317,#3318,#3319,#3320,#3321,#3322,#3323,#3324)),.UNSPECIFIED.,.F.,.F.,.U.,(6,3,6),(6,3,6),(57.8432494426,73.1921588309,95.3926522433),(0.,1.5,3.),.UNSPECIFIED.) ;
#3386=B_SPLINE_SURFACE_WITH_KNOTS('',5,5,((#3387,#3388,#3389,#3390,#3391,#3392,#3393,#3394,#3395),(#3396,#3397,#3398,#3399,#3400,#3401,#3402,#3403,#3404),(#3405,#3406,#3407,#3408,#3409,#3410,#3411,#3412,#3413),(#3414,#3415,#3416,#3417,#3418,#3419,#3420,#3421,#3422),(#3423,#3424,#3425,#3426,#3427,#3428,#3429,#3430,#3431),(#3432,#3433,#3434,#3435,#3436,#3437,#3438,#3439,#3440),(#3441,#3442,#3443,#3444,#3445,#3446,#3447,#3448,#3449),(#3450,#3451,#3452,#3453,#3454,#3455,#3456,#3457,#3458),(#3459,#3460,#3461,#3462,#3463,#3464,#3465,#3466,#3467)),.UNSPECIFIED.,.F.,.F.,.U.,(6,3,6),(6,3,6),(39.3313788981,55.283227441,70.3501062442),(0.,1.5,3.),.UNSPECIFIED.) ;
#3998=MANIFOLD_SOLID_BREP('PartBody',#56) ;
#11=CALENDAR_DATE(2026,17,8) ;
#30=CC_DESIGN_APPROVAL(#21,(#16,#6,#14)) ;
#18=CC_DESIGN_DATE_AND_TIME_ASSIGNMENT(#13,#17,(#16)) ;
#29=CC_DESIGN_DATE_AND_TIME_ASSIGNMENT(#13,#28,(#14)) ;
#17=DATE_TIME_ROLE('classification_date') ;
#28=DATE_TIME_ROLE('creation_date') ;
#27=CC_DESIGN_PERSON_AND_ORGANIZATION_ASSIGNMENT(#25,#26,(#16)) ;
#33=CC_DESIGN_PERSON_AND_ORGANIZATION_ASSIGNMENT(#25,#34,(#6)) ;
#35=CC_DESIGN_PERSON_AND_ORGANIZATION_ASSIGNMENT(#25,#36,(#6,#14)) ;
#37=CC_DESIGN_PERSON_AND_ORGANIZATION_ASSIGNMENT(#25,#38,(#5)) ;
#26=PERSON_AND_ORGANIZATION_ROLE('classification_officer') ;
#34=PERSON_AND_ORGANIZATION_ROLE('design_supplier') ;
#36=PERSON_AND_ORGANIZATION_ROLE('creator') ;
#38=PERSON_AND_ORGANIZATION_ROLE('design_owner') ;
#39=CC_DESIGN_SECURITY_CLASSIFICATION(#16,(#6)) ;
#65=CIRCLE('generated circle',#64,3.) ;
#81=CIRCLE('generated circle',#80,3.) ;
#105=CIRCLE('generated circle',#104,15.) ;
#112=CIRCLE('generated circle',#111,3.) ;
#119=CIRCLE('generated circle',#118,18.) ;
#152=CIRCLE('generated circle',#151,240.333102173) ;
#159=CIRCLE('generated circle',#158,240.333102173) ;
#271=CIRCLE('generated circle',#270,20.) ;
#285=CIRCLE('generated circle',#284,20.) ;
#333=CIRCLE('generated circle',#332,10.) ;
#347=CIRCLE('generated circle',#346,10.) ;
#364=CIRCLE('generated circle',#363,15.) ;
#371=CIRCLE('generated circle',#370,15.) ;
#395=CIRCLE('generated circle',#394,10.) ;
#409=CIRCLE('generated circle',#408,10.) ;
#457=CIRCLE('generated circle',#456,10.) ;
#471=CIRCLE('generated circle',#470,10.) ;
#488=CIRCLE('generated circle',#487,15.) ;
#495=CIRCLE('generated circle',#494,15.) ;
#519=CIRCLE('generated circle',#518,10.) ;
#533=CIRCLE('generated circle',#532,10.) ;
#581=CIRCLE('generated circle',#580,20.) ;
#595=CIRCLE('generated circle',#594,20.) ;
#643=CIRCLE('generated circle',#642,15.) ;
#652=CIRCLE('generated circle',#651,3.) ;
#659=CIRCLE('generated circle',#658,18.) ;
#666=CIRCLE('generated circle',#665,3.) ;
#690=CIRCLE('generated circle',#689,3.) ;
#714=CIRCLE('generated circle',#713,15.) ;
#721=CIRCLE('generated circle',#720,3.) ;
#728=CIRCLE('generated circle',#727,12.) ;
#752=CIRCLE('generated circle',#751,3.) ;
#776=CIRCLE('generated circle',#775,15.) ;
#783=CIRCLE('generated circle',#782,3.) ;
#790=CIRCLE('generated circle',#789,18.) ;
#807=CIRCLE('generated circle',#806,3.) ;
#902=CIRCLE('generated circle',#901,3.) ;
#928=CIRCLE('generated circle',#927,3.) ;
#952=CIRCLE('generated circle',#951,40.) ;
#959=CIRCLE('generated circle',#958,3.) ;
#966=CIRCLE('generated circle',#965,43.) ;
#983=CIRCLE('generated circle',#982,3.) ;
#1009=CIRCLE('generated circle',#1008,3.) ;
#1025=CIRCLE('generated circle',#1024,3.) ;
#1049=CIRCLE('generated circle',#1048,40.) ;
#1054=CIRCLE('generated circle',#1053,3.) ;
#1061=CIRCLE('generated circle',#1060,43.) ;
#1073=CIRCLE('generated circle',#1072,3.) ;
#1140=CIRCLE('generated circle',#1139,3.) ;
#1164=CIRCLE('generated circle',#1163,15.) ;
#1171=CIRCLE('generated circle',#1170,3.) ;
#1178=CIRCLE('generated circle',#1177,12.) ;
#1202=CIRCLE('generated circle',#1201,3.) ;
#1226=CIRCLE('generated circle',#1225,15.) ;
#1233=CIRCLE('generated circle',#1232,3.) ;
#1240=CIRCLE('generated circle',#1239,18.) ;
#1257=CIRCLE('generated circle',#1256,6.) ;
#1273=CIRCLE('generated circle',#1272,6.) ;
#1292=CIRCLE('generated circle',#1291,6.) ;
#1297=CIRCLE('generated circle',#1296,6.) ;
#1314=CIRCLE('generated circle',#1313,6.) ;
#1330=CIRCLE('generated circle',#1329,6.) ;
#1349=CIRCLE('generated circle',#1348,6.) ;
#1354=CIRCLE('generated circle',#1353,6.) ;
#1371=CIRCLE('generated circle',#1370,6.) ;
#1387=CIRCLE('generated circle',#1386,6.) ;
#1406=CIRCLE('generated circle',#1405,6.) ;
#1411=CIRCLE('generated circle',#1410,6.) ;
#1428=CIRCLE('generated circle',#1427,6.) ;
#1444=CIRCLE('generated circle',#1443,6.) ;
#1463=CIRCLE('generated circle',#1462,6.) ;
#1468=CIRCLE('generated circle',#1467,6.) ;
#1545=CIRCLE('generated circle',#1544,3.) ;
#1552=CIRCLE('generated circle',#1551,3.) ;
#1559=CIRCLE('generated circle',#1558,243.252127705) ;
#1566=CIRCLE('generated circle',#1565,243.252127705) ;
#1619=CIRCLE('generated circle',#1618,246.4142853) ;
#1673=CIRCLE('generated circle',#1672,244.213021766) ;
#1727=CIRCLE('generated circle',#1726,240.333102173) ;
#1734=CIRCLE('generated circle',#1733,240.333102173) ;
#1796=CIRCLE('generated circle',#1795,240.333102173) ;
#1803=CIRCLE('generated circle',#1802,240.333102173) ;
#1839=CIRCLE('generated circle',#1838,244.213021766) ;
#1893=CIRCLE('generated circle',#1892,246.4142853) ;
#2148=CIRCLE('generated circle',#2147,10.) ;
#2223=CIRCLE('generated circle',#2222,20.) ;
#2302=CIRCLE('generated circle',#2301,10.) ;
#2380=CIRCLE('generated circle',#2379,35.) ;
#2426=CIRCLE('generated circle',#2425,35.) ;
#2491=CIRCLE('generated circle',#2490,10.) ;
#2552=CIRCLE('generated circle',#2551,20.) ;
#2631=CIRCLE('generated circle',#2630,10.) ;
#2780=CIRCLE('generated circle',#2779,3.) ;
#2787=CIRCLE('generated circle',#2786,249.407171356) ;
#2920=CIRCLE('generated circle',#2919,3.) ;
#2927=CIRCLE('generated circle',#2926,247.179171828) ;
#3059=CIRCLE('generated circle',#3058,243.252127705) ;
#3066=CIRCLE('generated circle',#3065,243.252127705) ;
#3073=CIRCLE('generated circle',#3072,3.) ;
#3201=CIRCLE('generated circle',#3200,243.252127705) ;
#3208=CIRCLE('generated circle',#3207,243.252127705) ;
#3227=CIRCLE('generated circle',#3226,3.) ;
#3234=CIRCLE('generated circle',#3233,247.179171828) ;
#3370=CIRCLE('generated circle',#3369,3.) ;
#3377=CIRCLE('generated circle',#3376,249.407171356) ;
#3574=CIRCLE('generated circle',#3573,245.) ;
#3581=CIRCLE('generated circle',#3580,245.) ;
#3607=CIRCLE('generated circle',#3606,250.) ;
#3614=CIRCLE('generated circle',#3613,250.) ;
#3627=CIRCLE('generated circle',#3626,250.) ;
#3640=CIRCLE('generated circle',#3639,250.) ;
#3647=CIRCLE('generated circle',#3646,237.541788044) ;
#3664=CIRCLE('generated circle',#3663,237.541788044) ;
#3686=CIRCLE('generated circle',#3685,234.691286587) ;
#3693=CIRCLE('generated circle',#3692,3.) ;
#3710=CIRCLE('generated circle',#3709,234.691286587) ;
#3762=CIRCLE('generated circle',#3761,25.) ;
#3835=CIRCLE('generated circle',#3834,25.) ;
#3940=CIRCLE('generated circle',#3939,245.) ;
#3945=CIRCLE('generated circle',#3944,245.) ;
#54=SHAPE_REPRESENTATION_RELATIONSHIP(' ',' ',#49,#52) ;
#4000=SHAPE_REPRESENTATION_RELATIONSHIP(' ',' ',#49,#3999) ;
#61=CYLINDRICAL_SURFACE('generated cylinder',#60,3.) ;
#267=CYLINDRICAL_SURFACE('generated cylinder',#266,20.) ;
#329=CYLINDRICAL_SURFACE('generated cylinder',#328,10.) ;
#360=CYLINDRICAL_SURFACE('generated cylinder',#359,15.) ;
#391=CYLINDRICAL_SURFACE('generated cylinder',#390,10.) ;
#453=CYLINDRICAL_SURFACE('generated cylinder',#452,10.) ;
#484=CYLINDRICAL_SURFACE('generated cylinder',#483,15.) ;
#515=CYLINDRICAL_SURFACE('generated cylinder',#514,10.) ;
#577=CYLINDRICAL_SURFACE('generated cylinder',#576,20.) ;
#679=CYLINDRICAL_SURFACE('generated cylinder',#678,3.) ;
#741=CYLINDRICAL_SURFACE('generated cylinder',#740,3.) ;
#803=CYLINDRICAL_SURFACE('generated cylinder',#802,3.) ;
#979=CYLINDRICAL_SURFACE('generated cylinder',#978,3.) ;
#1129=CYLINDRICAL_SURFACE('generated cylinder',#1128,3.) ;
#1191=CYLINDRICAL_SURFACE('generated cylinder',#1190,3.) ;
#1253=CYLINDRICAL_SURFACE('generated cylinder',#1252,6.) ;
#1310=CYLINDRICAL_SURFACE('generated cylinder',#1309,6.) ;
#1367=CYLINDRICAL_SURFACE('generated cylinder',#1366,6.) ;
#1424=CYLINDRICAL_SURFACE('generated cylinder',#1423,6.) ;
#1481=CYLINDRICAL_SURFACE('generated cylinder',#1480,15.) ;
#1511=CYLINDRICAL_SURFACE('generated cylinder',#1510,40.) ;
#1581=CYLINDRICAL_SURFACE('generated cylinder',#1580,15.) ;
#1639=CYLINDRICAL_SURFACE('generated cylinder',#1638,15.) ;
#1693=CYLINDRICAL_SURFACE('generated cylinder',#1692,15.) ;
#1759=CYLINDRICAL_SURFACE('generated cylinder',#1758,40.) ;
#1859=CYLINDRICAL_SURFACE('generated cylinder',#1858,15.) ;
#1913=CYLINDRICAL_SURFACE('generated cylinder',#1912,15.) ;
#2144=CYLINDRICAL_SURFACE('generated cylinder',#2143,10.) ;
#2219=CYLINDRICAL_SURFACE('generated cylinder',#2218,20.) ;
#2288=CYLINDRICAL_SURFACE('generated cylinder',#2287,10.) ;
#2363=CYLINDRICAL_SURFACE('generated cylinder',#2362,35.) ;
#2400=CYLINDRICAL_SURFACE('generated cylinder',#2399,35.) ;
#2487=CYLINDRICAL_SURFACE('generated cylinder',#2486,10.) ;
#2548=CYLINDRICAL_SURFACE('generated cylinder',#2547,20.) ;
#2617=CYLINDRICAL_SURFACE('generated cylinder',#2616,10.) ;
#3741=CYLINDRICAL_SURFACE('generated cylinder',#3740,3.) ;
#3831=CYLINDRICAL_SURFACE('generated cylinder',#3830,25.) ;
#101=TOROIDAL_SURFACE('homeo Torus',#100,18.,3.) ;
#639=TOROIDAL_SURFACE('homeo Torus',#638,18.,3.) ;
#710=TOROIDAL_SURFACE('homeo Torus',#709,12.,3.) ;
#772=TOROIDAL_SURFACE('homeo Torus',#771,18.,3.) ;
#948=TOROIDAL_SURFACE('homeo Torus',#947,43.,3.) ;
#1045=TOROIDAL_SURFACE('homeo Torus',#1044,43.,3.) ;
#1160=TOROIDAL_SURFACE('homeo Torus',#1159,12.,3.) ;
#1222=TOROIDAL_SURFACE('homeo Torus',#1221,18.,3.) ;
#1541=TOROIDAL_SURFACE('homeo Torus',#1540,240.333102173,3.) ;
#2776=TOROIDAL_SURFACE('homeo Torus',#2775,246.4142853,3.) ;
#2916=TOROIDAL_SURFACE('homeo Torus',#2915,244.213021766,3.) ;
#3055=TOROIDAL_SURFACE('homeo Torus',#3054,240.333102173,3.) ;
#3197=TOROIDAL_SURFACE('homeo Torus',#3196,240.333102173,3.) ;
#3223=TOROIDAL_SURFACE('homeo Torus',#3222,244.213021766,3.) ;
#3366=TOROIDAL_SURFACE('homeo Torus',#3365,246.4142853,3.) ;
#3682=TOROIDAL_SURFACE('homeo Torus',#3681,234.691286587,3.) ;
#3706=TOROIDAL_SURFACE('homeo Torus',#3705,234.691286587,3.) ;
#3=DESIGN_CONTEXT(' ',#1,'design') ;
#70=EDGE_CURVE('',#67,#69,#65,.F.) ;
#77=EDGE_CURVE('',#76,#67,#74,.T.) ;
#84=EDGE_CURVE('',#76,#83,#81,.F.) ;
#89=EDGE_CURVE('',#69,#83,#88,.F.) ;
#108=EDGE_CURVE('',#76,#107,#105,.F.) ;
#115=EDGE_CURVE('',#107,#114,#112,.T.) ;
#120=EDGE_CURVE('',#83,#114,#119,.F.) ;
#141=EDGE_CURVE('',#138,#140,#136,.T.) ;
#148=EDGE_CURVE('',#147,#140,#145,.F.) ;
#155=EDGE_CURVE('',#154,#147,#152,.F.) ;
#162=EDGE_CURVE('',#161,#154,#159,.F.) ;
#167=EDGE_CURVE('',#161,#76,#166,.F.) ;
#174=EDGE_CURVE('',#173,#67,#171,.T.) ;
#181=EDGE_CURVE('',#180,#173,#178,.F.) ;
#186=EDGE_CURVE('',#180,#138,#185,.T.) ;
#210=EDGE_CURVE('',#173,#209,#207,.T.) ;
#215=EDGE_CURVE('',#69,#209,#214,.T.) ;
#236=EDGE_CURVE('',#233,#235,#231,.F.) ;
#243=EDGE_CURVE('',#233,#242,#240,.T.) ;
#250=EDGE_CURVE('',#249,#242,#247,.T.) ;
#255=EDGE_CURVE('',#235,#249,#254,.T.) ;
#274=EDGE_CURVE('',#235,#273,#271,.T.) ;
#281=EDGE_CURVE('',#280,#273,#278,.F.) ;
#286=EDGE_CURVE('',#280,#233,#285,.F.) ;
#305=EDGE_CURVE('',#280,#304,#302,.T.) ;
#312=EDGE_CURVE('',#273,#311,#309,.T.) ;
#317=EDGE_CURVE('',#311,#304,#316,.F.) ;
#336=EDGE_CURVE('',#335,#311,#333,.F.) ;
#343=EDGE_CURVE('',#335,#342,#340,.F.) ;
#348=EDGE_CURVE('',#304,#342,#347,.T.) ;
#367=EDGE_CURVE('',#342,#366,#364,.T.) ;
#374=EDGE_CURVE('',#335,#373,#371,.T.) ;
#379=EDGE_CURVE('',#373,#366,#378,.T.) ;
#398=EDGE_CURVE('',#397,#373,#395,.F.) ;
#405=EDGE_CURVE('',#397,#404,#402,.F.) ;
#410=EDGE_CURVE('',#366,#404,#409,.T.) ;
#429=EDGE_CURVE('',#404,#428,#426,.T.) ;
#436=EDGE_CURVE('',#397,#435,#433,.T.) ;
#441=EDGE_CURVE('',#435,#428,#440,.F.) ;
#460=EDGE_CURVE('',#459,#435,#457,.F.) ;
#467=EDGE_CURVE('',#459,#466,#464,.F.) ;
#472=EDGE_CURVE('',#428,#466,#471,.T.) ;
#491=EDGE_CURVE('',#466,#490,#488,.T.) ;
#498=EDGE_CURVE('',#459,#497,#495,.T.) ;
#503=EDGE_CURVE('',#497,#490,#502,.T.) ;
#522=EDGE_CURVE('',#521,#497,#519,.F.) ;
#529=EDGE_CURVE('',#521,#528,#526,.F.) ;
#534=EDGE_CURVE('',#490,#528,#533,.T.) ;
#553=EDGE_CURVE('',#528,#552,#550,.T.) ;
#560=EDGE_CURVE('',#521,#559,#557,.T.) ;
#565=EDGE_CURVE('',#552,#559,#564,.F.) ;
#584=EDGE_CURVE('',#559,#583,#581,.T.) ;
#591=EDGE_CURVE('',#590,#583,#588,.F.) ;
#596=EDGE_CURVE('',#590,#552,#595,.F.) ;
#615=EDGE_CURVE('',#583,#614,#612,.T.) ;
#622=EDGE_CURVE('',#614,#621,#619,.T.) ;
#627=EDGE_CURVE('',#590,#621,#626,.T.) ;
#648=EDGE_CURVE('',#645,#647,#643,.F.) ;
#655=EDGE_CURVE('',#647,#654,#652,.T.) ;
#662=EDGE_CURVE('',#661,#654,#659,.F.) ;
#667=EDGE_CURVE('',#645,#661,#666,.T.) ;
#686=EDGE_CURVE('',#647,#685,#683,.T.) ;
#693=EDGE_CURVE('',#685,#692,#690,.T.) ;
#698=EDGE_CURVE('',#654,#692,#697,.T.) ;
#717=EDGE_CURVE('',#685,#716,#714,.T.) ;
#724=EDGE_CURVE('',#716,#723,#721,.F.) ;
#729=EDGE_CURVE('',#692,#723,#728,.T.) ;
#748=EDGE_CURVE('',#716,#747,#745,.F.) ;
#755=EDGE_CURVE('',#747,#754,#752,.F.) ;
#760=EDGE_CURVE('',#723,#754,#759,.F.) ;
#779=EDGE_CURVE('',#747,#778,#776,.F.) ;
#786=EDGE_CURVE('',#778,#785,#783,.T.) ;
#791=EDGE_CURVE('',#754,#785,#790,.F.) ;
#812=EDGE_CURVE('',#809,#811,#807,.F.) ;
#817=EDGE_CURVE('',#785,#811,#816,.F.) ;
#822=EDGE_CURVE('',#778,#809,#821,.F.) ;
#836=EDGE_CURVE('',#811,#835,#833,.F.) ;
#843=EDGE_CURVE('',#842,#809,#840,.T.) ;
#848=EDGE_CURVE('',#842,#835,#847,.T.) ;
#867=EDGE_CURVE('',#866,#842,#864,.F.) ;
#874=EDGE_CURVE('',#866,#873,#871,.T.) ;
#879=EDGE_CURVE('',#873,#835,#878,.T.) ;
#898=EDGE_CURVE('',#866,#897,#895,.T.) ;
#905=EDGE_CURVE('',#897,#904,#902,.F.) ;
#910=EDGE_CURVE('',#904,#873,#909,.F.) ;
#924=EDGE_CURVE('',#897,#923,#921,.F.) ;
#931=EDGE_CURVE('',#923,#930,#928,.F.) ;
#936=EDGE_CURVE('',#904,#930,#935,.F.) ;
#955=EDGE_CURVE('',#923,#954,#952,.F.) ;
#962=EDGE_CURVE('',#954,#961,#959,.T.) ;
#967=EDGE_CURVE('',#930,#961,#966,.F.) ;
#988=EDGE_CURVE('',#985,#987,#983,.F.) ;
#993=EDGE_CURVE('',#961,#987,#992,.F.) ;
#998=EDGE_CURVE('',#954,#985,#997,.F.) ;
#1014=EDGE_CURVE('',#1011,#1013,#1009,.F.) ;
#1021=EDGE_CURVE('',#1011,#1020,#1018,.F.) ;
#1028=EDGE_CURVE('',#1020,#1027,#1025,.F.) ;
#1033=EDGE_CURVE('',#1013,#1027,#1032,.F.) ;
#1050=EDGE_CURVE('',#1020,#140,#1049,.F.) ;
#1057=EDGE_CURVE('',#140,#1056,#1054,.T.) ;
#1062=EDGE_CURVE('',#1027,#1056,#1061,.F.) ;
#1076=EDGE_CURVE('',#138,#1075,#1073,.F.) ;
#1081=EDGE_CURVE('',#1056,#1075,#1080,.F.) ;
#1095=EDGE_CURVE('',#1075,#1094,#1092,.T.) ;
#1100=EDGE_CURVE('',#180,#1094,#1099,.T.) ;
#1117=EDGE_CURVE('',#1094,#209,#1116,.T.) ;
#1136=EDGE_CURVE('',#107,#1135,#1133,.F.) ;
#1143=EDGE_CURVE('',#1135,#1142,#1140,.F.) ;
#1148=EDGE_CURVE('',#114,#1142,#1147,.F.) ;
#1167=EDGE_CURVE('',#1135,#1166,#1164,.T.) ;
#1174=EDGE_CURVE('',#1166,#1173,#1171,.F.) ;
#1179=EDGE_CURVE('',#1142,#1173,#1178,.T.) ;
#1198=EDGE_CURVE('',#1166,#1197,#1195,.T.) ;
#1205=EDGE_CURVE('',#1197,#1204,#1202,.T.) ;
#1210=EDGE_CURVE('',#1173,#1204,#1209,.T.) ;
#1229=EDGE_CURVE('',#1197,#1228,#1226,.F.) ;
#1236=EDGE_CURVE('',#1228,#1235,#1233,.T.) ;
#1241=EDGE_CURVE('',#1204,#1235,#1240,.F.) ;
#1262=EDGE_CURVE('',#1259,#1261,#1257,.T.) ;
#1269=EDGE_CURVE('',#1268,#1259,#1266,.F.) ;
#1276=EDGE_CURVE('',#1268,#1275,#1273,.T.) ;
#1281=EDGE_CURVE('',#1275,#1261,#1280,.F.) ;
#1293=EDGE_CURVE('',#1261,#1259,#1292,.T.) ;
#1298=EDGE_CURVE('',#1275,#1268,#1297,.T.) ;
#1319=EDGE_CURVE('',#1316,#1318,#1314,.T.) ;
#1326=EDGE_CURVE('',#1325,#1316,#1323,.F.) ;
#1333=EDGE_CURVE('',#1325,#1332,#1330,.T.) ;
#1338=EDGE_CURVE('',#1332,#1318,#1337,.F.) ;
#1350=EDGE_CURVE('',#1318,#1316,#1349,.T.) ;
#1355=EDGE_CURVE('',#1332,#1325,#1354,.T.) ;
#1376=EDGE_CURVE('',#1373,#1375,#1371,.T.) ;
#1383=EDGE_CURVE('',#1382,#1373,#1380,.F.) ;
#1390=EDGE_CURVE('',#1382,#1389,#1387,.T.) ;
#1395=EDGE_CURVE('',#1389,#1375,#1394,.F.) ;
#1407=EDGE_CURVE('',#1375,#1373,#1406,.T.) ;
#1412=EDGE_CURVE('',#1389,#1382,#1411,.T.) ;
#1433=EDGE_CURVE('',#1430,#1432,#1428,.T.) ;
#1440=EDGE_CURVE('',#1439,#1430,#1437,.F.) ;
#1447=EDGE_CURVE('',#1439,#1446,#1444,.T.) ;
#1452=EDGE_CURVE('',#1446,#1432,#1451,.F.) ;
#1464=EDGE_CURVE('',#1432,#1430,#1463,.T.) ;
#1469=EDGE_CURVE('',#1446,#1439,#1468,.T.) ;
#1494=EDGE_CURVE('',#1493,#161,#1482,.F.) ;
#1499=EDGE_CURVE('',#1493,#107,#1498,.F.) ;
#1518=EDGE_CURVE('',#1517,#1020,#1515,.F.) ;
#1529=EDGE_CURVE('',#147,#1517,#1519,.F.) ;
#1548=EDGE_CURVE('',#161,#1547,#1545,.F.) ;
#1555=EDGE_CURVE('',#147,#1554,#1552,.F.) ;
#1562=EDGE_CURVE('',#1561,#1554,#1559,.F.) ;
#1567=EDGE_CURVE('',#1547,#1561,#1566,.F.) ;
#1588=EDGE_CURVE('',#645,#1587,#1585,.T.) ;
#1598=EDGE_CURVE('',#1597,#1587,#1589,.F.) ;
#1603=EDGE_CURVE('',#647,#1597,#1602,.T.) ;
#1622=EDGE_CURVE('',#1621,#1597,#1619,.T.) ;
#1627=EDGE_CURVE('',#685,#1621,#1626,.T.) ;
#1652=EDGE_CURVE('',#1651,#1621,#1640,.T.) ;
#1657=EDGE_CURVE('',#716,#1651,#1656,.T.) ;
#1676=EDGE_CURVE('',#1675,#1651,#1673,.F.) ;
#1681=EDGE_CURVE('',#747,#1675,#1680,.T.) ;
#1706=EDGE_CURVE('',#1705,#1675,#1694,.F.) ;
#1711=EDGE_CURVE('',#778,#1705,#1710,.T.) ;
#1730=EDGE_CURVE('',#1729,#1705,#1727,.F.) ;
#1737=EDGE_CURVE('',#1736,#1729,#1734,.F.) ;
#1742=EDGE_CURVE('',#923,#1736,#1741,.T.) ;
#1775=EDGE_CURVE('',#1774,#1736,#1760,.F.) ;
#1780=EDGE_CURVE('',#954,#1774,#1779,.T.) ;
#1799=EDGE_CURVE('',#1798,#1774,#1796,.F.) ;
#1804=EDGE_CURVE('',#1517,#1798,#1803,.F.) ;
#1811=EDGE_CURVE('',#1810,#1011,#1808,.T.) ;
#1818=EDGE_CURVE('',#1817,#1810,#1815,.F.) ;
#1823=EDGE_CURVE('',#1817,#985,#1822,.T.) ;
#1842=EDGE_CURVE('',#1841,#1493,#1839,.F.) ;
#1847=EDGE_CURVE('',#1135,#1841,#1846,.T.) ;
#1872=EDGE_CURVE('',#1871,#1841,#1860,.T.) ;
#1877=EDGE_CURVE('',#1166,#1871,#1876,.T.) ;
#1896=EDGE_CURVE('',#1895,#1871,#1893,.T.) ;
#1901=EDGE_CURVE('',#1895,#1197,#1900,.F.) ;
#1923=EDGE_CURVE('',#1922,#1895,#1914,.F.) ;
#1928=EDGE_CURVE('',#1922,#1228,#1927,.F.) ;
#2027=EDGE_CURVE('',#2026,#1493,#2018,.F.) ;
#2044=EDGE_CURVE('',#2026,#1547,#2028,.F.) ;
#2115=EDGE_CURVE('',#1517,#2114,#2107,.T.) ;
#2132=EDGE_CURVE('',#1554,#2114,#2116,.F.) ;
#2153=EDGE_CURVE('',#2150,#2152,#2148,.T.) ;
#2160=EDGE_CURVE('',#2150,#2159,#2157,.T.) ;
#2170=EDGE_CURVE('',#2159,#2169,#2161,.T.) ;
#2175=EDGE_CURVE('',#2152,#2169,#2174,.T.) ;
#2194=EDGE_CURVE('',#2193,#2150,#2191,.F.) ;
#2201=EDGE_CURVE('',#2193,#2200,#2198,.T.) ;
#2207=EDGE_CURVE('',#2159,#2200,#2202,.T.) ;
#2226=EDGE_CURVE('',#2225,#2193,#2223,.F.) ;
#2233=EDGE_CURVE('',#2225,#2232,#2230,.T.) ;
#2244=EDGE_CURVE('',#2200,#2232,#2234,.T.) ;
#2263=EDGE_CURVE('',#2225,#2262,#2260,.F.) ;
#2270=EDGE_CURVE('',#2262,#2269,#2267,.T.) ;
#2276=EDGE_CURVE('',#2232,#2269,#2271,.T.) ;
#2298=EDGE_CURVE('',#2269,#2297,#2289,.T.) ;
#2305=EDGE_CURVE('',#2262,#2304,#2302,.F.) ;
#2310=EDGE_CURVE('',#2304,#2297,#2309,.T.) ;
#2329=EDGE_CURVE('',#2304,#2328,#2326,.F.) ;
#2336=EDGE_CURVE('',#2328,#2335,#2333,.T.) ;
#2344=EDGE_CURVE('',#2335,#2343,#2337,.T.) ;
#2350=EDGE_CURVE('',#2343,#2297,#2345,.T.) ;
#2376=EDGE_CURVE('',#2375,#2335,#2364,.T.) ;
#2383=EDGE_CURVE('',#2328,#2382,#2380,.F.) ;
#2388=EDGE_CURVE('',#2382,#2375,#2387,.T.) ;
#2415=EDGE_CURVE('',#2412,#2414,#2401,.T.) ;
#2422=EDGE_CURVE('',#2421,#2414,#2419,.T.) ;
#2429=EDGE_CURVE('',#2421,#2428,#2426,.F.) ;
#2434=EDGE_CURVE('',#2428,#2412,#2433,.T.) ;
#2455=EDGE_CURVE('',#2452,#2454,#2450,.T.) ;
#2463=EDGE_CURVE('',#2454,#2462,#2456,.T.) ;
#2469=EDGE_CURVE('',#2462,#2412,#2464,.T.) ;
#2474=EDGE_CURVE('',#2452,#2428,#2473,.T.) ;
#2494=EDGE_CURVE('',#2493,#2452,#2491,.T.) ;
#2501=EDGE_CURVE('',#2493,#2500,#2498,.T.) ;
#2509=EDGE_CURVE('',#2500,#2454,#2502,.T.) ;
#2525=EDGE_CURVE('',#2522,#2524,#2520,.T.) ;
#2531=EDGE_CURVE('',#2500,#2524,#2526,.T.) ;
#2536=EDGE_CURVE('',#2493,#2522,#2535,.F.) ;
#2555=EDGE_CURVE('',#2554,#2522,#2552,.F.) ;
#2562=EDGE_CURVE('',#2554,#2561,#2559,.T.) ;
#2573=EDGE_CURVE('',#2524,#2561,#2563,.T.) ;
#2592=EDGE_CURVE('',#2591,#2554,#2589,.F.) ;
#2599=EDGE_CURVE('',#2591,#2598,#2596,.T.) ;
#2605=EDGE_CURVE('',#2561,#2598,#2600,.T.) ;
#2627=EDGE_CURVE('',#2626,#2598,#2618,.T.) ;
#2634=EDGE_CURVE('',#2591,#2633,#2631,.F.) ;
#2639=EDGE_CURVE('',#2633,#2626,#2638,.T.) ;
#2738=EDGE_CURVE('',#1597,#2737,#2729,.T.) ;
#2747=EDGE_CURVE('',#1587,#2746,#2739,.T.) ;
#2764=EDGE_CURVE('',#2737,#2746,#2748,.F.) ;
#2783=EDGE_CURVE('',#1621,#2782,#2780,.T.) ;
#2788=EDGE_CURVE('',#2737,#2782,#2787,.F.) ;
#2887=EDGE_CURVE('',#2886,#1651,#2878,.F.) ;
#2904=EDGE_CURVE('',#2782,#2886,#2888,.F.) ;
#2923=EDGE_CURVE('',#1675,#2922,#2920,.F.) ;
#2928=EDGE_CURVE('',#2922,#2886,#2927,.F.) ;
#3026=EDGE_CURVE('',#3025,#1705,#3018,.F.) ;
#3043=EDGE_CURVE('',#3025,#2922,#3027,.F.) ;
#3062=EDGE_CURVE('',#3061,#3025,#3059,.F.) ;
#3069=EDGE_CURVE('',#3068,#3061,#3066,.F.) ;
#3074=EDGE_CURVE('',#1736,#3068,#3073,.F.) ;
#3165=EDGE_CURVE('',#3164,#1774,#3157,.F.) ;
#3185=EDGE_CURVE('',#3164,#3068,#3166,.F.) ;
#3204=EDGE_CURVE('',#3203,#3164,#3201,.F.) ;
#3209=EDGE_CURVE('',#2114,#3203,#3208,.F.) ;
#3230=EDGE_CURVE('',#1841,#3229,#3227,.F.) ;
#3235=EDGE_CURVE('',#3229,#2026,#3234,.F.) ;
#3334=EDGE_CURVE('',#1871,#3333,#3325,.T.) ;
#3354=EDGE_CURVE('',#3229,#3333,#3335,.F.) ;
#3373=EDGE_CURVE('',#1895,#3372,#3370,.T.) ;
#3378=EDGE_CURVE('',#3333,#3372,#3377,.F.) ;
#3476=EDGE_CURVE('',#1922,#3475,#3468,.T.) ;
#3493=EDGE_CURVE('',#3475,#3372,#3477,.F.) ;
#3512=EDGE_CURVE('',#1810,#3511,#3509,.T.) ;
#3519=EDGE_CURVE('',#3518,#3511,#3516,.T.) ;
#3524=EDGE_CURVE('',#1817,#3518,#3523,.T.) ;
#3541=EDGE_CURVE('',#3518,#987,#3540,.T.) ;
#3558=EDGE_CURVE('',#3511,#1013,#3557,.T.) ;
#3577=EDGE_CURVE('',#2462,#3576,#3574,.F.) ;
#3584=EDGE_CURVE('',#3583,#3576,#3581,.F.) ;
#3590=EDGE_CURVE('',#3583,#2414,#3585,.T.) ;
#3610=EDGE_CURVE('',#1561,#3609,#3607,.F.) ;
#3615=EDGE_CURVE('',#3203,#3609,#3614,.F.) ;
#3628=EDGE_CURVE('',#3061,#3609,#3627,.T.) ;
#3643=EDGE_CURVE('',#3609,#3642,#3640,.F.) ;
#3648=EDGE_CURVE('',#3475,#3642,#3647,.F.) ;
#3665=EDGE_CURVE('',#3642,#2746,#3664,.F.) ;
#3689=EDGE_CURVE('',#3688,#1922,#3686,.T.) ;
#3694=EDGE_CURVE('',#3688,#3642,#3693,.T.) ;
#3711=EDGE_CURVE('',#1587,#3688,#3710,.T.) ;
#3728=EDGE_CURVE('',#1228,#645,#3727,.T.) ;
#3746=EDGE_CURVE('',#1235,#661,#3745,.T.) ;
#3763=EDGE_CURVE('',#621,#242,#3762,.T.) ;
#3836=EDGE_CURVE('',#614,#249,#3835,.T.) ;
#3869=EDGE_CURVE('',#2152,#2633,#3868,.T.) ;
#3874=EDGE_CURVE('',#2382,#2421,#3873,.T.) ;
#3922=EDGE_CURVE('',#3921,#2169,#3915,.T.) ;
#3928=EDGE_CURVE('',#3921,#2626,#3923,.T.) ;
#3941=EDGE_CURVE('',#3576,#3921,#3940,.F.) ;
#3946=EDGE_CURVE('',#2343,#3576,#3945,.T.) ;
#3976=EDGE_CURVE('',#3583,#2375,#3971,.T.) ;
#90=EDGE_LOOP('',(#91,#92,#93,#94)) ;
#121=EDGE_LOOP('',(#122,#123,#124,#125)) ;
#187=EDGE_LOOP('',(#188,#189,#190,#191,#192,#193,#194,#195,#196)) ;
#216=EDGE_LOOP('',(#217,#218,#219,#220)) ;
#256=EDGE_LOOP('',(#257,#258,#259,#260)) ;
#287=EDGE_LOOP('',(#288,#289,#290,#291)) ;
#318=EDGE_LOOP('',(#319,#320,#321,#322)) ;
#349=EDGE_LOOP('',(#350,#351,#352,#353)) ;
#380=EDGE_LOOP('',(#381,#382,#383,#384)) ;
#411=EDGE_LOOP('',(#412,#413,#414,#415)) ;
#442=EDGE_LOOP('',(#443,#444,#445,#446)) ;
#473=EDGE_LOOP('',(#474,#475,#476,#477)) ;
#504=EDGE_LOOP('',(#505,#506,#507,#508)) ;
#535=EDGE_LOOP('',(#536,#537,#538,#539)) ;
#566=EDGE_LOOP('',(#567,#568,#569,#570)) ;
#597=EDGE_LOOP('',(#598,#599,#600,#601)) ;
#628=EDGE_LOOP('',(#629,#630,#631,#632)) ;
#668=EDGE_LOOP('',(#669,#670,#671,#672)) ;
#699=EDGE_LOOP('',(#700,#701,#702,#703)) ;
#730=EDGE_LOOP('',(#731,#732,#733,#734)) ;
#761=EDGE_LOOP('',(#762,#763,#764,#765)) ;
#792=EDGE_LOOP('',(#793,#794,#795,#796)) ;
#823=EDGE_LOOP('',(#824,#825,#826,#827)) ;
#849=EDGE_LOOP('',(#850,#851,#852,#853)) ;
#880=EDGE_LOOP('',(#881,#882,#883,#884)) ;
#911=EDGE_LOOP('',(#912,#913,#914,#915)) ;
#937=EDGE_LOOP('',(#938,#939,#940,#941)) ;
#968=EDGE_LOOP('',(#969,#970,#971,#972)) ;
#999=EDGE_LOOP('',(#1000,#1001,#1002,#1003)) ;
#1034=EDGE_LOOP('',(#1035,#1036,#1037,#1038)) ;
#1063=EDGE_LOOP('',(#1064,#1065,#1066,#1067)) ;
#1082=EDGE_LOOP('',(#1083,#1084,#1085,#1086)) ;
#1101=EDGE_LOOP('',(#1102,#1103,#1104,#1105)) ;
#1118=EDGE_LOOP('',(#1119,#1120,#1121,#1122)) ;
#1149=EDGE_LOOP('',(#1150,#1151,#1152,#1153)) ;
#1180=EDGE_LOOP('',(#1181,#1182,#1183,#1184)) ;
#1211=EDGE_LOOP('',(#1212,#1213,#1214,#1215)) ;
#1242=EDGE_LOOP('',(#1243,#1244,#1245,#1246)) ;
#1282=EDGE_LOOP('',(#1283,#1284,#1285,#1286)) ;
#1299=EDGE_LOOP('',(#1300,#1301,#1302,#1303)) ;
#1339=EDGE_LOOP('',(#1340,#1341,#1342,#1343)) ;
#1356=EDGE_LOOP('',(#1357,#1358,#1359,#1360)) ;
#1396=EDGE_LOOP('',(#1397,#1398,#1399,#1400)) ;
#1413=EDGE_LOOP('',(#1414,#1415,#1416,#1417)) ;
#1453=EDGE_LOOP('',(#1454,#1455,#1456,#1457)) ;
#1470=EDGE_LOOP('',(#1471,#1472,#1473,#1474)) ;
#1500=EDGE_LOOP('',(#1501,#1502,#1503,#1504)) ;
#1530=EDGE_LOOP('',(#1531,#1532,#1533,#1534)) ;
#1568=EDGE_LOOP('',(#1569,#1570,#1571,#1572,#1573,#1574)) ;
#1604=EDGE_LOOP('',(#1605,#1606,#1607,#1608)) ;
#1628=EDGE_LOOP('',(#1629,#1630,#1631,#1632)) ;
#1658=EDGE_LOOP('',(#1659,#1660,#1661,#1662)) ;
#1682=EDGE_LOOP('',(#1683,#1684,#1685,#1686)) ;
#1712=EDGE_LOOP('',(#1713,#1714,#1715,#1716)) ;
#1743=EDGE_LOOP('',(#1744,#1745,#1746,#1747,#1748,#1749,#1750,#1751,#1752)) ;
#1781=EDGE_LOOP('',(#1782,#1783,#1784,#1785)) ;
#1824=EDGE_LOOP('',(#1825,#1826,#1827,#1828,#1829,#1830,#1831,#1832,#1833)) ;
#1848=EDGE_LOOP('',(#1849,#1850,#1851,#1852)) ;
#1878=EDGE_LOOP('',(#1879,#1880,#1881,#1882)) ;
#1902=EDGE_LOOP('',(#1903,#1904,#1905,#1906)) ;
#1929=EDGE_LOOP('',(#1930,#1931,#1932,#1933)) ;
#2045=EDGE_LOOP('',(#2046,#2047,#2048,#2049)) ;
#2133=EDGE_LOOP('',(#2134,#2135,#2136,#2137)) ;
#2176=EDGE_LOOP('',(#2177,#2178,#2179,#2180)) ;
#2208=EDGE_LOOP('',(#2209,#2210,#2211,#2212)) ;
#2245=EDGE_LOOP('',(#2246,#2247,#2248,#2249)) ;
#2277=EDGE_LOOP('',(#2278,#2279,#2280,#2281)) ;
#2311=EDGE_LOOP('',(#2312,#2313,#2314,#2315)) ;
#2351=EDGE_LOOP('',(#2352,#2353,#2354,#2355,#2356)) ;
#2389=EDGE_LOOP('',(#2390,#2391,#2392,#2393)) ;
#2435=EDGE_LOOP('',(#2436,#2437,#2438,#2439)) ;
#2475=EDGE_LOOP('',(#2476,#2477,#2478,#2479,#2480)) ;
#2510=EDGE_LOOP('',(#2511,#2512,#2513,#2514)) ;
#2537=EDGE_LOOP('',(#2538,#2539,#2540,#2541)) ;
#2574=EDGE_LOOP('',(#2575,#2576,#2577,#2578)) ;
#2606=EDGE_LOOP('',(#2607,#2608,#2609,#2610)) ;
#2640=EDGE_LOOP('',(#2641,#2642,#2643,#2644)) ;
#2765=EDGE_LOOP('',(#2766,#2767,#2768,#2769)) ;
#2789=EDGE_LOOP('',(#2790,#2791,#2792,#2793)) ;
#2905=EDGE_LOOP('',(#2906,#2907,#2908,#2909)) ;
#2929=EDGE_LOOP('',(#2930,#2931,#2932,#2933)) ;
#3044=EDGE_LOOP('',(#3045,#3046,#3047,#3048)) ;
#3075=EDGE_LOOP('',(#3076,#3077,#3078,#3079,#3080,#3081)) ;
#3186=EDGE_LOOP('',(#3187,#3188,#3189,#3190)) ;
#3210=EDGE_LOOP('',(#3211,#3212,#3213,#3214,#3215,#3216)) ;
#3236=EDGE_LOOP('',(#3237,#3238,#3239,#3240)) ;
#3355=EDGE_LOOP('',(#3356,#3357,#3358,#3359)) ;
#3379=EDGE_LOOP('',(#3380,#3381,#3382,#3383)) ;
#3494=EDGE_LOOP('',(#3495,#3496,#3497,#3498)) ;
#3525=EDGE_LOOP('',(#3526,#3527,#3528,#3529)) ;
#3542=EDGE_LOOP('',(#3543,#3544,#3545,#3546)) ;
#3559=EDGE_LOOP('',(#3560,#3561,#3562,#3563)) ;
#3591=EDGE_LOOP('',(#3592,#3593,#3594,#3595,#3596)) ;
#3616=EDGE_LOOP('',(#3617,#3618,#3619,#3620,#3621)) ;
#3629=EDGE_LOOP('',(#3630,#3631,#3632,#3633,#3634)) ;
#3649=EDGE_LOOP('',(#3650,#3651,#3652,#3653,#3654,#3655,#3656,#3657,#3658)) ;
#3666=EDGE_LOOP('',(#3667,#3668,#3669,#3670,#3671,#3672,#3673,#3674,#3675)) ;
#3695=EDGE_LOOP('',(#3696,#3697,#3698,#3699)) ;
#3712=EDGE_LOOP('',(#3713,#3714,#3715,#3716)) ;
#3729=EDGE_LOOP('',(#3730,#3731,#3732,#3733,#3734)) ;
#3747=EDGE_LOOP('',(#3748,#3749,#3750,#3751)) ;
#3764=EDGE_LOOP('',(#3765,#3766,#3767,#3768,#3769,#3770,#3771,#3772,#3773,#3774,#3775,#3776,#3777,#3778)) ;
#3780=EDGE_LOOP('',(#3781,#3782)) ;
#3784=EDGE_LOOP('',(#3785,#3786,#3787,#3788,#3789,#3790,#3791,#3792,#3793,#3794,#3795,#3796,#3797,#3798,#3799,#3800,#3801,#3802,#3803,#3804,#3805,#3806,#3807,#3808,#3809,#3810,#3811,#3812)) ;
#3814=EDGE_LOOP('',(#3815,#3816)) ;
#3818=EDGE_LOOP('',(#3819,#3820)) ;
#3822=EDGE_LOOP('',(#3823,#3824)) ;
#3837=EDGE_LOOP('',(#3838,#3839,#3840,#3841)) ;
#3849=EDGE_LOOP('',(#3850,#3851,#3852,#3853,#3854,#3855,#3856,#3857,#3858,#3859,#3860,#3861,#3862,#3863)) ;
#3875=EDGE_LOOP('',(#3876,#3877,#3878,#3879,#3880,#3881,#3882,#3883,#3884,#3885,#3886,#3887,#3888,#3889,#3890,#3891)) ;
#3893=EDGE_LOOP('',(#3894,#3895)) ;
#3897=EDGE_LOOP('',(#3898,#3899)) ;
#3901=EDGE_LOOP('',(#3902,#3903)) ;
#3905=EDGE_LOOP('',(#3906,#3907)) ;
#3929=EDGE_LOOP('',(#3930,#3931,#3932,#3933,#3934)) ;
#3947=EDGE_LOOP('',(#3948,#3949,#3950,#3951,#3952,#3953,#3954,#3955,#3956)) ;
#3959=EDGE_LOOP('',(#3960,#3961,#3962,#3963,#3964,#3965,#3966,#3967,#3968)) ;
#3977=EDGE_LOOP('',(#3978,#3979,#3980,#3981,#3982)) ;
#3990=EDGE_LOOP('',(#3991,#3992,#3993,#3994,#3995)) ;
#95=FACE_OUTER_BOUND('',#90,.T.) ;
#126=FACE_OUTER_BOUND('',#121,.T.) ;
#197=FACE_OUTER_BOUND('',#187,.T.) ;
#221=FACE_OUTER_BOUND('',#216,.T.) ;
#261=FACE_OUTER_BOUND('',#256,.T.) ;
#292=FACE_OUTER_BOUND('',#287,.T.) ;
#323=FACE_OUTER_BOUND('',#318,.T.) ;
#354=FACE_OUTER_BOUND('',#349,.T.) ;
#385=FACE_OUTER_BOUND('',#380,.T.) ;
#416=FACE_OUTER_BOUND('',#411,.T.) ;
#447=FACE_OUTER_BOUND('',#442,.T.) ;
#478=FACE_OUTER_BOUND('',#473,.T.) ;
#509=FACE_OUTER_BOUND('',#504,.T.) ;
#540=FACE_OUTER_BOUND('',#535,.T.) ;
#571=FACE_OUTER_BOUND('',#566,.T.) ;
#602=FACE_OUTER_BOUND('',#597,.T.) ;
#633=FACE_OUTER_BOUND('',#628,.T.) ;
#673=FACE_OUTER_BOUND('',#668,.T.) ;
#704=FACE_OUTER_BOUND('',#699,.T.) ;
#735=FACE_OUTER_BOUND('',#730,.T.) ;
#766=FACE_OUTER_BOUND('',#761,.T.) ;
#797=FACE_OUTER_BOUND('',#792,.T.) ;
#828=FACE_OUTER_BOUND('',#823,.T.) ;
#854=FACE_OUTER_BOUND('',#849,.T.) ;
#885=FACE_OUTER_BOUND('',#880,.T.) ;
#916=FACE_OUTER_BOUND('',#911,.T.) ;
#942=FACE_OUTER_BOUND('',#937,.T.) ;
#973=FACE_OUTER_BOUND('',#968,.T.) ;
#1004=FACE_OUTER_BOUND('',#999,.T.) ;
#1039=FACE_OUTER_BOUND('',#1034,.T.) ;
#1068=FACE_OUTER_BOUND('',#1063,.T.) ;
#1087=FACE_OUTER_BOUND('',#1082,.T.) ;
#1106=FACE_OUTER_BOUND('',#1101,.T.) ;
#1123=FACE_OUTER_BOUND('',#1118,.T.) ;
#1154=FACE_OUTER_BOUND('',#1149,.T.) ;
#1185=FACE_OUTER_BOUND('',#1180,.T.) ;
#1216=FACE_OUTER_BOUND('',#1211,.T.) ;
#1247=FACE_OUTER_BOUND('',#1242,.T.) ;
#1287=FACE_OUTER_BOUND('',#1282,.T.) ;
#1304=FACE_OUTER_BOUND('',#1299,.T.) ;
#1344=FACE_OUTER_BOUND('',#1339,.T.) ;
#1361=FACE_OUTER_BOUND('',#1356,.T.) ;
#1401=FACE_OUTER_BOUND('',#1396,.T.) ;
#1418=FACE_OUTER_BOUND('',#1413,.T.) ;
#1458=FACE_OUTER_BOUND('',#1453,.T.) ;
#1475=FACE_OUTER_BOUND('',#1470,.T.) ;
#1505=FACE_OUTER_BOUND('',#1500,.T.) ;
#1535=FACE_OUTER_BOUND('',#1530,.T.) ;
#1575=FACE_OUTER_BOUND('',#1568,.T.) ;
#1609=FACE_OUTER_BOUND('',#1604,.T.) ;
#1633=FACE_OUTER_BOUND('',#1628,.T.) ;
#1663=FACE_OUTER_BOUND('',#1658,.T.) ;
#1687=FACE_OUTER_BOUND('',#1682,.T.) ;
#1717=FACE_OUTER_BOUND('',#1712,.T.) ;
#1753=FACE_OUTER_BOUND('',#1743,.T.) ;
#1786=FACE_OUTER_BOUND('',#1781,.T.) ;
#1834=FACE_OUTER_BOUND('',#1824,.T.) ;
#1853=FACE_OUTER_BOUND('',#1848,.T.) ;
#1883=FACE_OUTER_BOUND('',#1878,.T.) ;
#1907=FACE_OUTER_BOUND('',#1902,.T.) ;
#1934=FACE_OUTER_BOUND('',#1929,.T.) ;
#2050=FACE_OUTER_BOUND('',#2045,.T.) ;
#2138=FACE_OUTER_BOUND('',#2133,.T.) ;
#2181=FACE_OUTER_BOUND('',#2176,.T.) ;
#2213=FACE_OUTER_BOUND('',#2208,.T.) ;
#2250=FACE_OUTER_BOUND('',#2245,.T.) ;
#2282=FACE_OUTER_BOUND('',#2277,.T.) ;
#2316=FACE_OUTER_BOUND('',#2311,.T.) ;
#2357=FACE_OUTER_BOUND('',#2351,.T.) ;
#2394=FACE_OUTER_BOUND('',#2389,.T.) ;
#2440=FACE_OUTER_BOUND('',#2435,.T.) ;
#2481=FACE_OUTER_BOUND('',#2475,.T.) ;
#2515=FACE_OUTER_BOUND('',#2510,.T.) ;
#2542=FACE_OUTER_BOUND('',#2537,.T.) ;
#2579=FACE_OUTER_BOUND('',#2574,.T.) ;
#2611=FACE_OUTER_BOUND('',#2606,.T.) ;
#2645=FACE_OUTER_BOUND('',#2640,.T.) ;
#2770=FACE_OUTER_BOUND('',#2765,.T.) ;
#2794=FACE_OUTER_BOUND('',#2789,.T.) ;
#2910=FACE_OUTER_BOUND('',#2905,.T.) ;
#2934=FACE_OUTER_BOUND('',#2929,.T.) ;
#3049=FACE_OUTER_BOUND('',#3044,.T.) ;
#3082=FACE_OUTER_BOUND('',#3075,.T.) ;
#3191=FACE_OUTER_BOUND('',#3186,.T.) ;
#3217=FACE_OUTER_BOUND('',#3210,.T.) ;
#3241=FACE_OUTER_BOUND('',#3236,.T.) ;
#3360=FACE_OUTER_BOUND('',#3355,.T.) ;
#3384=FACE_OUTER_BOUND('',#3379,.T.) ;
#3499=FACE_OUTER_BOUND('',#3494,.T.) ;
#3530=FACE_OUTER_BOUND('',#3525,.T.) ;
#3547=FACE_OUTER_BOUND('',#3542,.T.) ;
#3564=FACE_OUTER_BOUND('',#3559,.T.) ;
#3597=FACE_OUTER_BOUND('',#3591,.T.) ;
#3622=FACE_OUTER_BOUND('',#3616,.T.) ;
#3635=FACE_OUTER_BOUND('',#3629,.T.) ;
#3659=FACE_OUTER_BOUND('',#3649,.T.) ;
#3676=FACE_OUTER_BOUND('',#3666,.T.) ;
#3700=FACE_OUTER_BOUND('',#3695,.T.) ;
#3717=FACE_OUTER_BOUND('',#3712,.T.) ;
#3735=FACE_OUTER_BOUND('',#3729,.T.) ;
#3752=FACE_OUTER_BOUND('',#3747,.T.) ;
#3779=FACE_OUTER_BOUND('',#3764,.T.) ;
#3842=FACE_OUTER_BOUND('',#3837,.T.) ;
#3864=FACE_OUTER_BOUND('',#3849,.T.) ;
#3935=FACE_OUTER_BOUND('',#3929,.T.) ;
#3957=FACE_OUTER_BOUND('',#3947,.T.) ;
#3969=FACE_OUTER_BOUND('',#3959,.T.) ;
#3983=FACE_OUTER_BOUND('',#3977,.T.) ;
#3996=FACE_OUTER_BOUND('',#3990,.T.) ;
#53=GEOMETRIC_SET('NONE',(#51,#55)) ;
#52=GEOMETRICALLY_BOUNDED_SURFACE_SHAPE_REPRESENTATION('NONE',(#53),#46) ;
#45=UNCERTAINTY_MEASURE_WITH_UNIT(LENGTH_MEASURE(0.005),#41,'distance_accuracy_value','CONFUSED CURVE UNCERTAINTY') ;
#74=LINE('Line',#71,#73) ;
#88=LINE('Line',#85,#87) ;
#136=LINE('Line',#133,#135) ;
#145=LINE('Line',#142,#144) ;
#166=LINE('Line',#163,#165) ;
#171=LINE('Line',#168,#170) ;
#178=LINE('Line',#175,#177) ;
#185=LINE('Line',#182,#184) ;
#207=LINE('Line',#204,#206) ;
#214=LINE('Line',#211,#213) ;
#231=LINE('Line',#228,#230) ;
#240=LINE('Line',#237,#239) ;
#247=LINE('Line',#244,#246) ;
#254=LINE('Line',#251,#253) ;
#278=LINE('Line',#275,#277) ;
#302=LINE('Line',#299,#301) ;
#309=LINE('Line',#306,#308) ;
#316=LINE('Line',#313,#315) ;
#340=LINE('Line',#337,#339) ;
#378=LINE('Line',#375,#377) ;
#402=LINE('Line',#399,#401) ;
#426=LINE('Line',#423,#425) ;
#433=LINE('Line',#430,#432) ;
#440=LINE('Line',#437,#439) ;
#464=LINE('Line',#461,#463) ;
#502=LINE('Line',#499,#501) ;
#526=LINE('Line',#523,#525) ;
#550=LINE('Line',#547,#549) ;
#557=LINE('Line',#554,#556) ;
#564=LINE('Line',#561,#563) ;
#588=LINE('Line',#585,#587) ;
#612=LINE('Line',#609,#611) ;
#619=LINE('Line',#616,#618) ;
#626=LINE('Line',#623,#625) ;
#683=LINE('Line',#680,#682) ;
#697=LINE('Line',#694,#696) ;
#745=LINE('Line',#742,#744) ;
#759=LINE('Line',#756,#758) ;
#816=LINE('Line',#813,#815) ;
#821=LINE('Line',#818,#820) ;
#833=LINE('Line',#830,#832) ;
#840=LINE('Line',#837,#839) ;
#847=LINE('Line',#844,#846) ;
#864=LINE('Line',#861,#863) ;
#871=LINE('Line',#868,#870) ;
#878=LINE('Line',#875,#877) ;
#895=LINE('Line',#892,#894) ;
#909=LINE('Line',#906,#908) ;
#921=LINE('Line',#918,#920) ;
#935=LINE('Line',#932,#934) ;
#992=LINE('Line',#989,#991) ;
#997=LINE('Line',#994,#996) ;
#1018=LINE('Line',#1015,#1017) ;
#1032=LINE('Line',#1029,#1031) ;
#1080=LINE('Line',#1077,#1079) ;
#1092=LINE('Line',#1089,#1091) ;
#1099=LINE('Line',#1096,#1098) ;
#1116=LINE('Line',#1113,#1115) ;
#1133=LINE('Line',#1130,#1132) ;
#1147=LINE('Line',#1144,#1146) ;
#1195=LINE('Line',#1192,#1194) ;
#1209=LINE('Line',#1206,#1208) ;
#1266=LINE('Line',#1263,#1265) ;
#1280=LINE('Line',#1277,#1279) ;
#1323=LINE('Line',#1320,#1322) ;
#1337=LINE('Line',#1334,#1336) ;
#1380=LINE('Line',#1377,#1379) ;
#1394=LINE('Line',#1391,#1393) ;
#1437=LINE('Line',#1434,#1436) ;
#1451=LINE('Line',#1448,#1450) ;
#1498=LINE('Line',#1495,#1497) ;
#1515=LINE('Line',#1512,#1514) ;
#1585=LINE('Line',#1582,#1584) ;
#1602=LINE('Line',#1599,#1601) ;
#1626=LINE('Line',#1623,#1625) ;
#1656=LINE('Line',#1653,#1655) ;
#1680=LINE('Line',#1677,#1679) ;
#1710=LINE('Line',#1707,#1709) ;
#1741=LINE('Line',#1738,#1740) ;
#1779=LINE('Line',#1776,#1778) ;
#1808=LINE('Line',#1805,#1807) ;
#1815=LINE('Line',#1812,#1814) ;
#1822=LINE('Line',#1819,#1821) ;
#1846=LINE('Line',#1843,#1845) ;
#1876=LINE('Line',#1873,#1875) ;
#1900=LINE('Line',#1897,#1899) ;
#1927=LINE('Line',#1924,#1926) ;
#2157=LINE('Line',#2154,#2156) ;
#2174=LINE('Line',#2171,#2173) ;
#2191=LINE('Line',#2188,#2190) ;
#2198=LINE('Line',#2195,#2197) ;
#2230=LINE('Line',#2227,#2229) ;
#2260=LINE('Line',#2257,#2259) ;
#2267=LINE('Line',#2264,#2266) ;
#2309=LINE('Line',#2306,#2308) ;
#2326=LINE('Line',#2323,#2325) ;
#2333=LINE('Line',#2330,#2332) ;
#2387=LINE('Line',#2384,#2386) ;
#2419=LINE('Line',#2416,#2418) ;
#2433=LINE('Line',#2430,#2432) ;
#2450=LINE('Line',#2447,#2449) ;
#2473=LINE('Line',#2470,#2472) ;
#2498=LINE('Line',#2495,#2497) ;
#2520=LINE('Line',#2517,#2519) ;
#2535=LINE('Line',#2532,#2534) ;
#2559=LINE('Line',#2556,#2558) ;
#2589=LINE('Line',#2586,#2588) ;
#2596=LINE('Line',#2593,#2595) ;
#2638=LINE('Line',#2635,#2637) ;
#3509=LINE('Line',#3506,#3508) ;
#3516=LINE('Line',#3513,#3515) ;
#3523=LINE('Line',#3520,#3522) ;
#3540=LINE('Line',#3537,#3539) ;
#3557=LINE('Line',#3554,#3556) ;
#3727=LINE('Line',#3724,#3726) ;
#3745=LINE('Line',#3742,#3744) ;
#3868=LINE('Line',#3865,#3867) ;
#3873=LINE('Line',#3870,#3872) ;
#2=MECHANICAL_CONTEXT(' ',#1,'mechanical') ;
#24=PERSONAL_ADDRESS(' ',' ',' ',' ',' ',' ',' ',' ',' ',' ',' ',' ',(#22),' ') ;
#132=PLANE('Plane',#131) ;
#203=PLANE('Plane',#202) ;
#227=PLANE('Plane',#226) ;
#298=PLANE('Plane',#297) ;
#422=PLANE('Plane',#421) ;
#546=PLANE('Plane',#545) ;
#608=PLANE('Plane',#607) ;
#860=PLANE('Plane',#859) ;
#891=PLANE('Plane',#890) ;
#1112=PLANE('Plane',#1111) ;
#1615=PLANE('Plane',#1614) ;
#1669=PLANE('Plane',#1668) ;
#1723=PLANE('Plane',#1722) ;
#1792=PLANE('Plane',#1791) ;
#1889=PLANE('Plane',#1888) ;
#2187=PLANE('Plane',#2186) ;
#2256=PLANE('Plane',#2255) ;
#2322=PLANE('Plane',#2321) ;
#2446=PLANE('Plane',#2445) ;
#2585=PLANE('Plane',#2584) ;
#3505=PLANE('Plane',#3504) ;
#3536=PLANE('Plane',#3535) ;
#3553=PLANE('Plane',#3552) ;
#3723=PLANE('Plane',#3722) ;
#3758=PLANE('Plane',#3757) ;
#3848=PLANE('Plane',#3847) ;
#3914=PLANE('Plane',#3913) ;
#3989=PLANE('Plane',#3988) ;
#43=PLANE_ANGLE_MEASURE_WITH_UNIT(PLANE_ANGLE_MEASURE(0.0174532925199),#42) ;
#7=PRODUCT_CATEGORY('part',$) ;
#9=PRODUCT_CATEGORY_RELATIONSHIP(' ',' ',#7,#8) ;
#6=PRODUCT_DEFINITION_FORMATION_WITH_SPECIFIED_SOURCE('',' ',#5,.NOT_KNOWN.) ;
#8=PRODUCT_RELATED_PRODUCT_CATEGORY('detail',$,(#5)) ;
#50=SHAPE_DEFINITION_REPRESENTATION(#40,#49) ;
#3570=SPHERICAL_SURFACE('',#3569,245.) ;
#3603=SPHERICAL_SURFACE('',#3602,250.) ;
#67=VERTEX_POINT('',#66) ;
#69=VERTEX_POINT('',#68) ;
#76=VERTEX_POINT('',#75) ;
#83=VERTEX_POINT('',#82) ;
#107=VERTEX_POINT('',#106) ;
#114=VERTEX_POINT('',#113) ;
#138=VERTEX_POINT('',#137) ;
#140=VERTEX_POINT('',#139) ;
#147=VERTEX_POINT('',#146) ;
#154=VERTEX_POINT('',#153) ;
#161=VERTEX_POINT('',#160) ;
#173=VERTEX_POINT('',#172) ;
#180=VERTEX_POINT('',#179) ;
#209=VERTEX_POINT('',#208) ;
#233=VERTEX_POINT('',#232) ;
#235=VERTEX_POINT('',#234) ;
#242=VERTEX_POINT('',#241) ;
#249=VERTEX_POINT('',#248) ;
#273=VERTEX_POINT('',#272) ;
#280=VERTEX_POINT('',#279) ;
#304=VERTEX_POINT('',#303) ;
#311=VERTEX_POINT('',#310) ;
#335=VERTEX_POINT('',#334) ;
#342=VERTEX_POINT('',#341) ;
#366=VERTEX_POINT('',#365) ;
#373=VERTEX_POINT('',#372) ;
#397=VERTEX_POINT('',#396) ;
#404=VERTEX_POINT('',#403) ;
#428=VERTEX_POINT('',#427) ;
#435=VERTEX_POINT('',#434) ;
#459=VERTEX_POINT('',#458) ;
#466=VERTEX_POINT('',#465) ;
#490=VERTEX_POINT('',#489) ;
#497=VERTEX_POINT('',#496) ;
#521=VERTEX_POINT('',#520) ;
#528=VERTEX_POINT('',#527) ;
#552=VERTEX_POINT('',#551) ;
#559=VERTEX_POINT('',#558) ;
#583=VERTEX_POINT('',#582) ;
#590=VERTEX_POINT('',#589) ;
#614=VERTEX_POINT('',#613) ;
#621=VERTEX_POINT('',#620) ;
#645=VERTEX_POINT('',#644) ;
#647=VERTEX_POINT('',#646) ;
#654=VERTEX_POINT('',#653) ;
#661=VERTEX_POINT('',#660) ;
#685=VERTEX_POINT('',#684) ;
#692=VERTEX_POINT('',#691) ;
#716=VERTEX_POINT('',#715) ;
#723=VERTEX_POINT('',#722) ;
#747=VERTEX_POINT('',#746) ;
#754=VERTEX_POINT('',#753) ;
#778=VERTEX_POINT('',#777) ;
#785=VERTEX_POINT('',#784) ;
#809=VERTEX_POINT('',#808) ;
#811=VERTEX_POINT('',#810) ;
#835=VERTEX_POINT('',#834) ;
#842=VERTEX_POINT('',#841) ;
#866=VERTEX_POINT('',#865) ;
#873=VERTEX_POINT('',#872) ;
#897=VERTEX_POINT('',#896) ;
#904=VERTEX_POINT('',#903) ;
#923=VERTEX_POINT('',#922) ;
#930=VERTEX_POINT('',#929) ;
#954=VERTEX_POINT('',#953) ;
#961=VERTEX_POINT('',#960) ;
#985=VERTEX_POINT('',#984) ;
#987=VERTEX_POINT('',#986) ;
#1011=VERTEX_POINT('',#1010) ;
#1013=VERTEX_POINT('',#1012) ;
#1020=VERTEX_POINT('',#1019) ;
#1027=VERTEX_POINT('',#1026) ;
#1056=VERTEX_POINT('',#1055) ;
#1075=VERTEX_POINT('',#1074) ;
#1094=VERTEX_POINT('',#1093) ;
#1135=VERTEX_POINT('',#1134) ;
#1142=VERTEX_POINT('',#1141) ;
#1166=VERTEX_POINT('',#1165) ;
#1173=VERTEX_POINT('',#1172) ;
#1197=VERTEX_POINT('',#1196) ;
#1204=VERTEX_POINT('',#1203) ;
#1228=VERTEX_POINT('',#1227) ;
#1235=VERTEX_POINT('',#1234) ;
#1259=VERTEX_POINT('',#1258) ;
#1261=VERTEX_POINT('',#1260) ;
#1268=VERTEX_POINT('',#1267) ;
#1275=VERTEX_POINT('',#1274) ;
#1316=VERTEX_POINT('',#1315) ;
#1318=VERTEX_POINT('',#1317) ;
#1325=VERTEX_POINT('',#1324) ;
#1332=VERTEX_POINT('',#1331) ;
#1373=VERTEX_POINT('',#1372) ;
#1375=VERTEX_POINT('',#1374) ;
#1382=VERTEX_POINT('',#1381) ;
#1389=VERTEX_POINT('',#1388) ;
#1430=VERTEX_POINT('',#1429) ;
#1432=VERTEX_POINT('',#1431) ;
#1439=VERTEX_POINT('',#1438) ;
#1446=VERTEX_POINT('',#1445) ;
#1493=VERTEX_POINT('',#1492) ;
#1517=VERTEX_POINT('',#1516) ;
#1547=VERTEX_POINT('',#1546) ;
#1554=VERTEX_POINT('',#1553) ;
#1561=VERTEX_POINT('',#1560) ;
#1587=VERTEX_POINT('',#1586) ;
#1597=VERTEX_POINT('',#1596) ;
#1621=VERTEX_POINT('',#1620) ;
#1651=VERTEX_POINT('',#1650) ;
#1675=VERTEX_POINT('',#1674) ;
#1705=VERTEX_POINT('',#1704) ;
#1729=VERTEX_POINT('',#1728) ;
#1736=VERTEX_POINT('',#1735) ;
#1774=VERTEX_POINT('',#1773) ;
#1798=VERTEX_POINT('',#1797) ;
#1810=VERTEX_POINT('',#1809) ;
#1817=VERTEX_POINT('',#1816) ;
#1841=VERTEX_POINT('',#1840) ;
#1871=VERTEX_POINT('',#1870) ;
#1895=VERTEX_POINT('',#1894) ;
#1922=VERTEX_POINT('',#1921) ;
#2026=VERTEX_POINT('',#2025) ;
#2114=VERTEX_POINT('',#2113) ;
#2150=VERTEX_POINT('',#2149) ;
#2152=VERTEX_POINT('',#2151) ;
#2159=VERTEX_POINT('',#2158) ;
#2169=VERTEX_POINT('',#2168) ;
#2193=VERTEX_POINT('',#2192) ;
#2200=VERTEX_POINT('',#2199) ;
#2225=VERTEX_POINT('',#2224) ;
#2232=VERTEX_POINT('',#2231) ;
#2262=VERTEX_POINT('',#2261) ;
#2269=VERTEX_POINT('',#2268) ;
#2297=VERTEX_POINT('',#2296) ;
#2304=VERTEX_POINT('',#2303) ;
#2328=VERTEX_POINT('',#2327) ;
#2335=VERTEX_POINT('',#2334) ;
#2343=VERTEX_POINT('',#2342) ;
#2375=VERTEX_POINT('',#2374) ;
#2382=VERTEX_POINT('',#2381) ;
#2412=VERTEX_POINT('',#2411) ;
#2414=VERTEX_POINT('',#2413) ;
#2421=VERTEX_POINT('',#2420) ;
#2428=VERTEX_POINT('',#2427) ;
#2452=VERTEX_POINT('',#2451) ;
#2454=VERTEX_POINT('',#2453) ;
#2462=VERTEX_POINT('',#2461) ;
#2493=VERTEX_POINT('',#2492) ;
#2500=VERTEX_POINT('',#2499) ;
#2522=VERTEX_POINT('',#2521) ;
#2524=VERTEX_POINT('',#2523) ;
#2554=VERTEX_POINT('',#2553) ;
#2561=VERTEX_POINT('',#2560) ;
#2591=VERTEX_POINT('',#2590) ;
#2598=VERTEX_POINT('',#2597) ;
#2626=VERTEX_POINT('',#2625) ;
#2633=VERTEX_POINT('',#2632) ;
#2737=VERTEX_POINT('',#2736) ;
#2746=VERTEX_POINT('',#2745) ;
#2782=VERTEX_POINT('',#2781) ;
#2886=VERTEX_POINT('',#2885) ;
#2922=VERTEX_POINT('',#2921) ;
#3025=VERTEX_POINT('',#3024) ;
#3061=VERTEX_POINT('',#3060) ;
#3068=VERTEX_POINT('',#3067) ;
#3164=VERTEX_POINT('',#3163) ;
#3203=VERTEX_POINT('',#3202) ;
#3229=VERTEX_POINT('',#3228) ;
#3333=VERTEX_POINT('',#3332) ;
#3372=VERTEX_POINT('',#3371) ;
#3475=VERTEX_POINT('',#3474) ;
#3511=VERTEX_POINT('',#3510) ;
#3518=VERTEX_POINT('',#3517) ;
#3576=VERTEX_POINT('',#3575) ;
#3583=VERTEX_POINT('',#3582) ;
#3609=VERTEX_POINT('',#3608) ;
#3642=VERTEX_POINT('',#3641) ;
#3688=VERTEX_POINT('',#3687) ;
#3921=VERTEX_POINT('',#3920) ;
#41=(LENGTH_UNIT()NAMED_UNIT(*)SI_UNIT(.MILLI.,.METRE.)) ;
#42=(NAMED_UNIT(*)PLANE_ANGLE_UNIT()SI_UNIT($,.RADIAN.)) ;
#44=(NAMED_UNIT(*)SI_UNIT($,.STERADIAN.)SOLID_ANGLE_UNIT()) ;
#46=(GEOMETRIC_REPRESENTATION_CONTEXT(3)GLOBAL_UNCERTAINTY_ASSIGNED_CONTEXT((#45))GLOBAL_UNIT_ASSIGNED_CONTEXT((#41,#42,#44))REPRESENTATION_CONTEXT(' ',' ')) ;
ENDSEC;
END-ISO-10303-21;
